product_id,p_code
IFF-QB00122,P210
IFF-QB00122,P261
IFF-QB00122,P280
IFF-QB00122,P301+P310
IFF-QB00122,P302+P352
IFF-QB00122,P308+P313
IFF-QB00122,P331
IFF-QB00122,P333+P313
IFF-QB00122,P370+P378
VAR-QB00002,P264
VAR-QB00002,P280
VAR-QB00002,P305+P351+P338
VAR-QB00002,P337+P313
VAR-QB00001,P201
VAR-QB00001,P202
VAR-QB00001,P260
VAR-QB00001,P264
VAR-QB00001,P270
VAR-QB00001,P271
VAR-QB00001,P273
VAR-QB00001,P280
VAR-QB00005,P210
VAR-QB00005,P233
VAR-QB00005,P235
VAR-QB00005,P241
VAR-QB00005,P242
VAR-QB00005,P243
VAR-QB00005,P280
VAR-QB00005,P303
VAR-QB00005,P361
VAR-QB00005,P353
VAR-QB00005,P370
VAR-QB00005,P378
VAR-QB00005,P261
VAR-QB00005,P284
VAR-QB00005,P304
VAR-QB00005,P340
VAR-QB00005,P341
VAR-QB00005,P311
VAR-QB00005,P301
VAR-QB00005,P331
VAR-QB00005,P405
VAR-QB00005,P501
VAR-QB00005,P264
VAR-QB00005,P305
VAR-QB00005,P351
VAR-QB00005,P338
VAR-QB00005,P337
VAR-QB00005,P313
VAR-QB00005,P391
VAR-QB00006,P201
VAR-QB00006,P273
VAR-QB00006,P280
VAR-QB00006,P370+P378
VAR-QB00006,P381
VAR-QB00006,P404
VAR-QB00007,P210
VAR-QB00007,P233
VAR-QB00007,P240
VAR-QB00007,P241
VAR-QB00007,P242
VAR-QB00007,P303+P361+P353
VAR-QB00007,P403+P235
VAR-QB00007,P501
VAR-QB00008,P264
VAR-QB00008,P280
VAR-QB00008,P305+P351+P338
VAR-QB00008,P337+P313
VAR-QB00009,P501
VAR-QB00009,P402+P403+P404+9410
VAR-QB00010,P302+P352
VAR-QB00010,P304+P340
VAR-QB00010,P301+P330
IFF-QB00318,P210
IFF-QB00318,P260
IFF-QB00318,P280
IFF-QB00318,P302+P352
IFF-QB00318,P304+P340+P312
IFF-QB00318,P305+P351+P338
IFF-QB00318,P314
IFF-QB00318,P333+P313
IFF-QB00318,P337+P313
IFF-QB00318,P370+P378
VAR-QB00011,P261
VAR-QB00011,P262
VAR-QB00011,P280
VAR-QB00011,P331
VAR-QB00011,P303+P361+P353
VAR-QB00011,P304+P340
VAR-QB00011,P305+P351+P338
VAR-QB00011,P501
KAO-QB00015,P280
KAO-QB00015,P305+P351+P338
KAO-QB00015,P310
KAO-QB00017,P280
KAO-QB00017,P264
KAO-QB00017,P305+P351+P338
VAR-QB00013,P210
VAR-QB00013,P240
VAR-QB00013,P261
VAR-QB00013,P264
VAR-QB00013,P270
VAR-QB00013,P271
VAR-QB00013,P280
VAR-QB00013,P301+P312
VAR-QB00013,P302+P352
VAR-QB00013,P304+P340
VAR-QB00013,P312
VAR-QB00013,P330
VAR-QB00013,P370+P378
VAR-QB00013,P305+P351+P338
VAR-QB00013,P332+P313
VAR-QB00013,P337+P313
VAR-QB00013,P264+P364
VAR-QB00013,P404+P235
VAR-QB00013,P233
VAR-QB00013,P405
VAR-QB00013,P501
VAR-QB00016,P264
VAR-QB00016,P310
VAR-QB00016,P301+P312
VAR-QB00016,P302+P352
VAR-QB00016,P305+P351+P338
VAR-QB00016,P501
VAR-QB00017,P261
VAR-QB00017,P264
VAR-QB00017,P270
VAR-QB00017,P280
VAR-QB00017,P301+P312
VAR-QB00017,P302+P352
VAR-QB00017,P305+P351+P338
VAR-QB00017,P362
VAR-QB00017,P501
VAR-QB00018,P273
VAR-QB00018,P280
VAR-QB00018,P301+P312
VAR-QB00018,P305+P351+P338
VAR-QB00018,P310
VAR-QB00018,P391
VAR-QB00020,P264
VAR-QB00020,P270
VAR-QB00020,P273
VAR-QB00020,P280
VAR-QB00020,P301+P312
VAR-QB00020,P305+P351+P338
VAR-QB00020,P302+P352
VAR-QB00020,P310
VAR-QB00020,P312
VAR-QB00020,P321
VAR-QB00020,P330
VAR-QB00020,P332+P313
VAR-QB00020,P362+P364
VAR-QB00020,P501
VAR-QB00021,P264
VAR-QB00021,P270
VAR-QB00021,P273
VAR-QB00021,P280
VAR-QB00021,P310
VAR-QB00021,P312
VAR-QB00021,P321
VAR-QB00021,P330
VAR-QB00021,P301+P312
VAR-QB00021,P302+P352
VAR-QB00021,P305+P351+P338
VAR-QB00021,P332+P313
VAR-QB00021,P362+P354
VAR-QB00021,P501
IFF-QB00123,P210
IFF-QB00123,P261
IFF-QB00123,P280
IFF-QB00123,P302+P352
IFF-QB00123,P305+P351+P338
IFF-QB00123,P308+P313
IFF-QB00123,P333+P313
IFF-QB00123,P337+P313
IFF-QB00123,P370+P378
IFF-QB00124,P280
IFF-QB00124,P302+P352
IFF-QB00124,P305+P351+P338
IFF-QB00176,P261
IFF-QB00176,P280
IFF-QB00176,P302+P352
IFF-QB00176,P305+P351+P338
IFF-QB00176,P308+P313
IFF-QB00176,P333+P313
IFF-QB00176,P337+P313
ASH-QB00065,P264
ASH-QB00065,P280
ASH-QB00065,P305+P351+P338
IFF-QB00125,P261
IFF-QB00125,P280
IFF-QB00125,P302+P352
IFF-QB00125,P308+P313
IFF-QB00125,P333+P313
IFF-QB00072,P210
IFF-QB00072,P261
IFF-QB00072,P280
IFF-QB00072,P302+P352
IFF-QB00072,P305+P351+P338
IFF-QB00072,P308+P313
IFF-QB00072,P333+P313
IFF-QB00072,P337+P313
IFF-QB00072,P370+P378
ASH-QB00085,P273
ASH-QB00085,P391
ASH-QB00085,P501
IFF-QB00218,P280
IFF-QB00218,P302+P352
IFF-QB00218,P305+P351+P338
KAO-QB00004,P280
KAO-QB00004,P273
KAO-QB00004,P260
KAO-QB00004,P264
KAO-QB00004,P391
KAO-QB00004,P304+P340
KAO-QB00004,P310
KAO-QB00004,P301+P310
KAO-QB00004,P330
KAO-QB00004,P331
KAO-QB00004,P303+P361+P353
KAO-QB00004,P363
KAO-QB00004,P305+P351+P338
KAO-QB00004,P405
KAO-QB00004,P501
KAO-QB00005,P280
KAO-QB00005,P273
KAO-QB00005,P260
KAO-QB00005,P264
KAO-QB00005,P391
KAO-QB00005,P304+P340
KAO-QB00005,P310
KAO-QB00005,P301+P310
KAO-QB00005,P330
KAO-QB00005,P331
KAO-QB00005,P303+P361+P353
KAO-QB00005,P363
KAO-QB00005,P305+P351+P338
KAO-QB00005,P405
KAO-QB00005,P501
KAO-QB00088,P280
KAO-QB00088,P270
KAO-QB00088,P264
KAO-QB00088,P301+P310
KAO-QB00088,P330
KAO-QB00088,P331
KAO-QB00088,P303+P361+P353+P310
KAO-QB00088,P363
KAO-QB00088,P305+P351+P338
KAO-QB00088,P310
KAO-QB00088,P405
KAO-QB00088,P501
KAO-QB00008,P280
KAO-QB00008,P273
KAO-QB00008,P260
KAO-QB00008,P270
KAO-QB00008,P264
KAO-QB00008,P391
KAO-QB00008,P304+P310
KAO-QB00008,P301+P310
KAO-QB00008,P303+P361+P353
KAO-QB00008,P310
KAO-QB00008,P405
KAO-QB00008,P501
KAO-QB00010,P280
KAO-QB00010,P273
KAO-QB00010,P270
KAO-QB00010,P264
KAO-QB00010,P391
KAO-QB00010,P304+P310
KAO-QB00010,P301+P310
KAO-QB00010,P303+P361+P353
KAO-QB00010,P310
KAO-QB00010,P405
KAO-QB00010,P501
IFF-QB00126,P280
IFF-QB00126,P302+P352
IFF-QB00127,P261
IFF-QB00127,P280
IFF-QB00127,P302+P352
IFF-QB00127,P308+P313
IFF-QB00127,P333+P313
IFF-QB00073,P210
IFF-QB00073,P261
IFF-QB00073,P280
IFF-QB00073,P301+P310
IFF-QB00073,P302+P352
IFF-QB00073,P305+P351+P338
IFF-QB00073,P308+P313
IFF-QB00073,P331
IFF-QB00073,P333+P313
IFF-QB00073,P337+P313
IFF-QB00073,P370+P378
IFF-QB00220,P210
IFF-QB00220,P280
IFF-QB00220,P301+P310
IFF-QB00220,P302+P352
IFF-QB00220,P305+P351+P338
IFF-QB00220,P331
PRD-QB00001,P264
PRD-QB00001,P270
PRD-QB00001,P273
PRD-QB00001,P280
PRD-QB00001,P301+P312
PRD-QB00001,P302+P352
PRD-QB00001,P305+P351+P338
PRD-QB00001,P301+P330+P331
PRD-QB00001,P332+P313
PRD-QB00001,P337+P313
PRD-QB00001,P362+P364
PRD-QB00001,P391
PRD-QB00001,P501
PRD-QB00002,P280
PRD-QB00002,P303+P361+P353
PRD-QB00002,P305+P351+P338
PRD-QB00002,P314
PRD-QB00002,P403+P233
PRD-QB00006,P210
PRD-QB00006,P264
PRD-QB00006,P280
PRD-QB00006,P305+P351+P338
PRD-QB00006,P337+P313
PRD-QB00006,P370+P378
PRD-QB00006,P403+P235
PRD-QB00006,P501
VAR-QB00025,P210
VAR-QB00025,P264
VAR-QB00025,P280
VAR-QB00025,P305+P351+P338
VAR-QB00025,P337+P313
VAR-QB00025,P370+P378
VAR-QB00025,P403+P235
VAR-QB00025,P501
VAR-QB00026,P264
VAR-QB00026,P270
VAR-QB00026,P273
VAR-QB00026,P280
VAR-QB00026,P301+P317+P330
VAR-QB00026,P302+P361+P354+P316
VAR-QB00026,P363
VAR-QB00026,P304+P340
VAR-QB00026,P305+P354+P338
VAR-QB00026,P391
VAR-QB00026,P405
VAR-QB00026,P501
PRD-QB00003,P280
PRD-QB00003,P303+P361+P353
PRD-QB00003,P305+P351+P338
PRD-QB00003,P314
PRD-QB00003,P403+P233
IFF-QB00178,P280
IFF-QB00178,P302+P352
IFF-QB00178,P305+P351+P338
IFF-QB00074,P210
IFF-QB00074,P261
IFF-QB00074,P280
IFF-QB00074,P302+P352
IFF-QB00074,P308+P313
IFF-QB00074,P333+P313
IFF-QB00074,P370+P378
IFF-QB00221,P280
IFF-QB00221,P302+P352
IFF-QB00221,P305+P351+P338
VAR-QB00028,P264
VAR-QB00028,P280
VAR-QB00028,P273
VAR-QB00028,P305+P351+P338
VAR-QB00028,P337+P313
VAR-QB00028,P501
IFF-QB00222,P210
IFF-QB00222,P280
IFF-QB00222,P302+P352
IFF-QB00222,P305+P351+P338
IFF-QB00223,P280
IFF-QB00223,P302+P352
IFF-QB00223,P305+P351+P338
KAO-QB00025,P280
KAO-QB00025,P273
KAO-QB00025,P305+P351+P338
KAO-QB00025,P310
KAO-QB00025,P501
VAR-QB00030,P264
VAR-QB00030,P280
VAR-QB00030,P303+P361+P353
VAR-QB00030,P314
VAR-QB00030,P403+P233
VAR-QB00031,P264
VAR-QB00031,P280
VAR-QB00031,P303+P361+P353
VAR-QB00031,P314
VAR-QB00031,P403+P233
IFF-QB00179,P261
IFF-QB00179,P280
IFF-QB00179,P302+P352
IFF-QB00179,P305+P351+P338
IFF-QB00179,P308+P313
IFF-QB00179,P333+P313
IFF-QB00179,P337+P313
IFF-QB00128,P261
IFF-QB00128,P280
IFF-QB00128,P302+P352
IFF-QB00128,P305+P351+P338
IFF-QB00128,P308+P313
IFF-QB00128,P333+P313
IFF-QB00128,P337+P313
IFF-QB00197,P260
IFF-QB00197,P280
IFF-QB00197,P302+P352
IFF-QB00197,P308+P313
IFF-QB00197,P333+P313
IFF-QB00197,P501
IFF-QB00129,P210
IFF-QB00129,P261
IFF-QB00129,P280
IFF-QB00129,P302+P352
IFF-QB00129,P308+P313
IFF-QB00129,P333+P313
IFF-QB00129,P370+P378
IFF-QB00037,P261
IFF-QB00037,P264
IFF-QB00037,P280
IFF-QB00037,P302+P352
IFF-QB00037,P308+P313
IFF-QB00037,P333+P313
IFF-QB00198,P260
IFF-QB00198,P280
IFF-QB00198,P302+P352
IFF-QB00198,P305+P351+P338
IFF-QB00198,P308+P313
IFF-QB00198,P333+P313
IFF-QB00198,P337+P313
IFF-QB00226,P210
IFF-QB00226,P280
IFF-QB00226,P302+P352
IFF-QB00226,P305+P351+P338
IFF-QB00227,P261
IFF-QB00227,P264
IFF-QB00227,P272
IFF-QB00227,P273
IFF-QB00227,P280
IFF-QB00227,P302+P352
IFF-QB00227,P305+P351+P338
IFF-QB00227,P333+P313
IFF-QB00227,P337+P313
IFF-QB00227,P362+P364
IFF-QB00227,P391
IFF-QB00227,P501
IFF-QB00038,P210
IFF-QB00038,P261
IFF-QB00038,P280
IFF-QB00038,P302+P352
IFF-QB00038,P305+P351+P338
IFF-QB00038,P308+P313
IFF-QB00038,P333+P313
IFF-QB00038,P337+P313
IFF-QB00038,P370+P378
IFF-QB00075,P210
IFF-QB00075,P261
IFF-QB00075,P280
IFF-QB00075,P302+P352
IFF-QB00075,P308+P313
IFF-QB00075,P333+P313
IFF-QB00075,P370+P378
IFF-QB00228,P210
IFF-QB00228,P280
IFF-QB00228,P302+P352
IFF-QB00228,P305+P351+P338
IFF-QB00229,P201
IFF-QB00229,P202
IFF-QB00229,P210
IFF-QB00229,P261
IFF-QB00229,P264
IFF-QB00229,P272
IFF-QB00229,P273
IFF-QB00229,P280
IFF-QB00229,P302+P352
IFF-QB00229,P305+P351+P338
IFF-QB00229,P312
IFF-QB00229,P333+P313
IFF-QB00229,P362+P364
IFF-QB00229,P370+P378
IFF-QB00229,P391
IFF-QB00229,P403+P235
IFF-QB00229,P405
IFF-QB00229,P501
IFF-QB00076,P261
IFF-QB00076,P280
IFF-QB00076,P302+P352
IFF-QB00076,P333+P313
IFF-QB00076,P501
IFF-QB00130,P210
IFF-QB00130,P260
IFF-QB00130,P280
IFF-QB00130,P302+P352
IFF-QB00130,P305+P351+P338+P310
IFF-QB00130,P308+P313
IFF-QB00130,P370+P378
IFF-QB00077,P261
IFF-QB00077,P280
IFF-QB00077,P302+P352
IFF-QB00077,P305+P351+P338
IFF-QB00077,P308+P313
IFF-QB00077,P333+P313
IFF-QB00077,P337+P313
IFF-QB00039,P280
IFF-QB00039,P302+P352
IFF-QB00039,P305+P351+P338
IFF-QB00001,P210
IFF-QB00001,P261
IFF-QB00001,P280
IFF-QB00001,P302+P352
IFF-QB00001,P305+P351+P338
IFF-QB00001,P308+P313
IFF-QB00001,P333+P313
IFF-QB00001,P337+P313
IFF-QB00001,P370+P378
BSF-QB00001,P280
BSF-QB00001,P273
BSF-QB00001,P201
BSF-QB00001,P202
BSF-QB00001,P264
BSF-QB00001,P305+P351+P338
BSF-QB00001,P310
BSF-QB00001,P302+P352
BSF-QB00001,P308+P313
BSF-QB00001,P391
BSF-QB00001,P362+P364
BSF-QB00001,P405
BSF-QB00001,P501
IFF-QB00182,P210
IFF-QB00182,P261
IFF-QB00182,P280
IFF-QB00182,P301+P310
IFF-QB00182,P302+P352
IFF-QB00182,P331
IFF-QB00182,P308+P313
IFF-QB00182,P333+P313
IFF-QB00182,P370+P378
IFF-QB00236,P210
IFF-QB00236,P280
IFF-QB00236,P301+P310
IFF-QB00236,P302+P352
IFF-QB00236,P331
IFF-QB00183,P210
IFF-QB00183,P260
IFF-QB00183,P280
IFF-QB00183,P302+P352
IFF-QB00183,P305+P351+P338+P310
IFF-QB00183,P308+P313
IFF-QB00183,P370+P378
IFF-QB00230,P201
IFF-QB00230,P202
IFF-QB00230,P210
IFF-QB00230,P261
IFF-QB00230,P264
IFF-QB00230,P272
IFF-QB00230,P273
IFF-QB00230,P280
IFF-QB00230,P302+P352
IFF-QB00230,P305+P351+P338
IFF-QB00230,P312
IFF-QB00230,P333+P313
IFF-QB00230,P362+P364
IFF-QB00230,P370+P378
IFF-QB00230,P391
IFF-QB00230,P403+P235
IFF-QB00230,P405
IFF-QB00230,P501
LUB-QB00008,P201
LUB-QB00008,P202
LUB-QB00008,P281
LUB-QB00008,P308+P313
LUB-QB00013,P201
LUB-QB00013,P202
LUB-QB00013,P281
LUB-QB00013,P308+P313
LUB-QB00013,P405
LUB-QB00013,P501
LUB-QB00017,P273
LUB-QB00017,P332+P313
LUB-QB00017,P501
LUB-QB00020,P264
LUB-QB00020,P273
LUB-QB00020,P280
LUB-QB00020,P305+P351+P338
LUB-QB00020,P337+P313
LUB-QB00020,P501
LUB-QB00024,P264
LUB-QB00024,P273
LUB-QB00024,P280
LUB-QB00024,P305+P351+P338
LUB-QB00024,P337+P313
LUB-QB00024,P501
LUB-QB00025,P264
LUB-QB00025,P273
LUB-QB00025,P280
LUB-QB00025,P305+P351+P338
LUB-QB00025,P337+P313
LUB-QB00025,P501
IFF-QB00232,P261
IFF-QB00232,P280
IFF-QB00232,P302+P352
IFF-QB00232,P305+P351+P338
IFF-QB00232,P308+P313
IFF-QB00232,P333+P313
IFF-QB00232,P337+P313
IFF-QB00040,P210
IFF-QB00040,P261
IFF-QB00040,P280
IFF-QB00040,P302+P352
IFF-QB00040,P308+P313
IFF-QB00040,P333+P313
IFF-QB00040,P370+P378
IFF-QB00078,P261
IFF-QB00078,P280
IFF-QB00078,P302+P352
IFF-QB00078,P333+P313
IFF-QB00078,P501
IFF-QB00041,P210
IFF-QB00041,P260
IFF-QB00041,P280
IFF-QB00041,P302+P352
IFF-QB00041,P308+P313
IFF-QB00041,P333+P313
IFF-QB00041,P370+P378
ASH-QB00072,P273
ASH-QB00072,P391
ASH-QB00072,P501
VAR-QB00037,P273
VAR-QB00037,P264
VAR-QB00037,P305+P351+P338
VAR-QB00037,P337+P313
VAR-QB00037,P501
IFF-QB00079,P210
IFF-QB00079,P261
IFF-QB00079,P280
IFF-QB00079,P302+P352
IFF-QB00079,P305+P351+P338
IFF-QB00079,P308+P313
IFF-QB00079,P333+P313
IFF-QB00079,P337+P313
IFF-QB00079,P370+P378
IFF-QB00131,P261
IFF-QB00131,P280
IFF-QB00131,P302+P352
IFF-QB00131,P308+P313
IFF-QB00131,P333+P313
IFF-QB00132,P210
IFF-QB00132,P260
IFF-QB00132,P280
IFF-QB00132,P302+P352
IFF-QB00132,P305+P351+P338
IFF-QB00132,P310
IFF-QB00132,P308+P313
IFF-QB00132,P333+P313
IFF-QB00132,P337+P313
IFF-QB00132,P370+P378
IFF-QB00080,P261
IFF-QB00080,P280
IFF-QB00080,P302+P352
IFF-QB00080,P305+P351+P338
IFF-QB00080,P308+P313
IFF-QB00080,P333+P313
IFF-QB00080,P337+P313
LUB-QB00027,P264
LUB-QB00027,P273
LUB-QB00027,P280
LUB-QB00027,P302+P352
LUB-QB00027,P332+P313
LUB-QB00027,P321
LUB-QB00027,P362+P364
LUB-QB00027,P305+P351+P338
LUB-QB00027,P337+P313
LUB-QB00027,P501
IFF-QB00081,P210
IFF-QB00081,P261
IFF-QB00081,P280
IFF-QB00081,P302+P352
IFF-QB00081,P305+P351+P338
IFF-QB00081,P308+P313
IFF-QB00081,P333+P313
IFF-QB00081,P337+P313
IFF-QB00081,P370+P378
IFF-QB00002,P261
IFF-QB00002,P280
IFF-QB00002,P302+P352
IFF-QB00002,P333+P313
IFF-QB00002,P362+P3624
IFF-QB00002,P501
IFF-QB00233,P210
IFF-QB00233,P261
IFF-QB00233,P280
IFF-QB00233,P301+P310
IFF-QB00233,P302+P352
IFF-QB00233,P331
IFF-QB00233,P333+P313
IFF-QB00233,P370+P378
IFF-QB00083,P261
IFF-QB00083,P280
IFF-QB00083,P302+P352
IFF-QB00083,P308+P313
IFF-QB00083,P333+P313
IFF-QB00083,P362+P364
IFF-QB00184,P210
IFF-QB00184,P261
IFF-QB00184,P280
IFF-QB00184,P302+P352
IFF-QB00184,P305+P351+P338
IFF-QB00184,P308+P313
IFF-QB00184,P333+P313
IFF-QB00184,P337+P313
IFF-QB00184,P370+P378
VAR-QB00038,P210
VAR-QB00038,P280
VAR-QB00038,P370+P378
VAR-QB00038,P403+P235
VAR-QB00038,P501
VAR-QB00039,P210
VAR-QB00039,P280
VAR-QB00039,P370+P378
VAR-QB00039,P403
VAR-QB00039,P501
IFF-QB00234,P210
IFF-QB00234,P233
IFF-QB00234,P240
IFF-QB00234,P241
IFF-QB00234,P242
IFF-QB00234,P243
IFF-QB00234,P260
IFF-QB00234,P264
IFF-QB00234,P270
IFF-QB00234,P280
IFF-QB00234,P301+P310
IFF-QB00234,P303+P364
IFF-QB00234,P370+P378
IFF-QB00234,P391
IFF-QB00234,P403+P235
IFF-QB00234,P405
IFF-QB00234,P501
IFF-QB00003,P210
IFF-QB00003,P261
IFF-QB00003,P280
IFF-QB00003,P302+P352
IFF-QB00003,P308+P313
IFF-QB00003,P333+P313
IFF-QB00003,P370+P378
VAR-QB00040,P261
VAR-QB00040,P280
VAR-QB00040,P301+P310
VAR-QB00040,P330+P331
VAR-QB00040,P302+P352+P333+P313
VAR-QB00040,P305+P351+P338+P310
PRD-QB00005,P261
PRD-QB00005,P280
PRD-QB00005,P301+P310
PRD-QB00005,P330+P331
PRD-QB00005,P302+P352+P333+P313
PRD-QB00005,P305+P351+P338+P310
IFF-QB00004,P261
IFF-QB00004,P280
IFF-QB00004,P301+P310
IFF-QB00004,P302+P352
IFF-QB00004,P305+P351+P338+P310
IFF-QB00004,P308+P313
IFF-QB00004,P331
IFF-QB00004,P333+P313
IFF-QB00005,P210
IFF-QB00005,P261
IFF-QB00005,P280
IFF-QB00005,P301+P310
IFF-QB00005,P302+P352
IFF-QB00005,P305+P351+P338+P310
IFF-QB00005,P308+P313
IFF-QB00005,P331
IFF-QB00005,P333+P313
IFF-QB00005,P370+P378
IFF-QB00133,P280
IFF-QB00133,P302+P352
IFF-QB00133,P305+P351+P338
IFF-QB00085,P261
IFF-QB00085,P264
IFF-QB00085,P280
IFF-QB00085,P302+P352
IFF-QB00085,P308+P313
IFF-QB00085,P333+P313
IFF-QB00205,P261
IFF-QB00205,P280
IFF-QB00205,P302+P352
IFF-QB00205,P333+P313
IFF-QB00205,P362+P364
IFF-QB00205,P501
IFF-QB00134,P210
IFF-QB00134,P280
IFF-QB00134,P302+P352
IFF-QB00134,P305+P351+P338
IFF-QB00086,P280
IFF-QB00086,P302+P352
IFF-QB00042,P210
IFF-QB00042,P261
IFF-QB00042,P280
IFF-QB00042,P302+P352
IFF-QB00042,P305+P351+P338
IFF-QB00042,P308+P313
IFF-QB00042,P333+P313
IFF-QB00042,P337+P313
IFF-QB00042,P370+P378
IFF-QB00087,P261
IFF-QB00087,P280
IFF-QB00087,P302+P352
IFF-QB00087,P308+P313
IFF-QB00087,P333+P313
IFF-QB00135,P261
IFF-QB00135,P280
IFF-QB00135,P302+P352
IFF-QB00135,P333+P313
IFF-QB00135,P362+P3624
IFF-QB00135,P501
IFF-QB00043,P210
IFF-QB00043,P261
IFF-QB00043,P280
IFF-QB00043,P302+P352
IFF-QB00043,P308+P313
IFF-QB00043,P333+P313
IFF-QB00043,P370+P378
VAR-QB00042,P264
VAR-QB00042,P280
VAR-QB00042,P337+P313
VAR-QB00042,P305+P351+P338
VAR-QB00044,P264
VAR-QB00044,P280
VAR-QB00044,P337+P313
VAR-QB00044,P305+P351+P338
VAR-QB00047,P301+P310+P330
VAR-QB00047,P301+P330+P331
VAR-QB00047,P303+P361+P353
VAR-QB00047,P304+P340+P310
VAR-QB00047,P305+P351+P338
VAR-QB00047,P308+P313
VAR-QB00047,P333+P313
VAR-QB00047,P370+P378
VAR-QB00047,P391
VAR-QB00048,P280
VAR-QB00048,P273
VAR-QB00048,P271
VAR-QB00048,P264
VAR-QB00048,P234
VAR-QB00048,P305+P351+P338
VAR-QB00048,P310
VAR-QB00048,P303+P361+P353
VAR-QB00048,P304+P340
VAR-QB00048,P301+P330+P331
VAR-QB00048,P391
VAR-QB00048,P390
VAR-QB00048,P403+P233
VAR-QB00048,P405
VAR-QB00048,P406
VAR-QB00048,P501
VAR-QB00049,P261
VAR-QB00049,P264
VAR-QB00049,P271
VAR-QB00049,P280
VAR-QB00049,P302+P352
VAR-QB00049,P304+P340
VAR-QB00049,P305+P351+P338
VAR-QB00049,P312
VAR-QB00049,P321
VAR-QB00049,P332+P313
VAR-QB00049,P337+P313
VAR-QB00049,P362
VAR-QB00049,P403+P233
VAR-QB00049,P405
VAR-QB00049,P501
VAR-QB00050,P280
VAR-QB00050,P273
VAR-QB00050,P271
VAR-QB00050,P260
VAR-QB00050,P264
VAR-QB00050,P234
VAR-QB00050,P305+P351+P338
VAR-QB00050,P310
VAR-QB00050,P303+P361+P353
VAR-QB00050,P304+P340
VAR-QB00050,P301+P330+P331
VAR-QB00050,P391
VAR-QB00050,P390
VAR-QB00050,P403+P233
VAR-QB00050,P405
VAR-QB00050,P406
VAR-QB00050,P501
VAR-QB00054,P261
VAR-QB00054,P270
VAR-QB00054,P271
VAR-QB00054,P273
VAR-QB00054,P280
VAR-QB00054,P264
VAR-QB00054,P234
VAR-QB00054,P305+P351+P338
VAR-QB00054,P310
VAR-QB00054,P303+P361+P353
VAR-QB00054,P304+P340
VAR-QB00054,P301+P330+P331
VAR-QB00054,P331
VAR-QB00054,P391
VAR-QB00054,P390
VAR-QB00054,P403+P233
VAR-QB00054,P405
VAR-QB00054,P406
VAR-QB00054,P501
VAR-QB00056,P261
VAR-QB00056,P270
VAR-QB00056,P271
VAR-QB00056,P273
VAR-QB00056,P280
VAR-QB00056,P264
VAR-QB00056,P234
VAR-QB00056,P305+P351+P338
VAR-QB00056,P310
VAR-QB00056,P303+P361+P353
VAR-QB00056,P304+P340
VAR-QB00056,P301+P330+P331
VAR-QB00056,P331
VAR-QB00056,P391
VAR-QB00056,P390
VAR-QB00056,P403+P233
VAR-QB00056,P405
VAR-QB00056,P406
VAR-QB00056,P501
VAR-QB00057,P261
VAR-QB00057,P270
VAR-QB00057,P271
VAR-QB00057,P273
VAR-QB00057,P280
VAR-QB00057,P264
VAR-QB00057,P234
VAR-QB00057,P305+P351+P338
VAR-QB00057,P310
VAR-QB00057,P303+P361+P353
VAR-QB00057,P304+P340
VAR-QB00057,P301+P330+P331
VAR-QB00057,P331
VAR-QB00057,P391
VAR-QB00057,P390
VAR-QB00057,P403+P233
VAR-QB00057,P405
VAR-QB00057,P406
VAR-QB00057,P501
VAR-QB00058,P261
VAR-QB00058,P270
VAR-QB00058,P271
VAR-QB00058,P273
VAR-QB00058,P280
VAR-QB00058,P264
VAR-QB00058,P234
VAR-QB00058,P305+P351+P338
VAR-QB00058,P310
VAR-QB00058,P303+P361+P353
VAR-QB00058,P304+P340
VAR-QB00058,P301+P330+P331
VAR-QB00058,P331
VAR-QB00058,P391
VAR-QB00058,P390
VAR-QB00058,P403+P233
VAR-QB00058,P405
VAR-QB00058,P406
VAR-QB00058,P501
VAR-QB00059,P264
VAR-QB00059,P280
VAR-QB00059,P302+P352
VAR-QB00059,P305+P351+P338
VAR-QB00059,P332+P313
VAR-QB00059,P337+P313
VAR-QB00059,P362
VAR-QB00061,P102
VAR-QB00061,P260
VAR-QB00061,P264
VAR-QB00061,P273
VAR-QB00061,P280
VAR-QB00061,P301+P330+P331
VAR-QB00061,P303+P361+P353
VAR-QB00061,P304+P340
VAR-QB00061,P305+P351+P338
VAR-QB00061,P390
VAR-QB00061,P391
VAR-QB00061,P403+P233
VAR-QB00061,P405
VAR-QB00061,P406
VAR-QB00061,P501
VAR-QB00064,P102
VAR-QB00064,P260
VAR-QB00064,P264
VAR-QB00064,P273
VAR-QB00064,P280
VAR-QB00064,P301+P330+P331
VAR-QB00064,P303+P361+P353
VAR-QB00064,P304+P340
VAR-QB00064,P305+P351+P338
VAR-QB00064,P390
VAR-QB00064,P391
VAR-QB00064,P403+P233
VAR-QB00064,P405
VAR-QB00064,P406
VAR-QB00064,P501
VAR-QB00065,P201
VAR-QB00065,P202
VAR-QB00065,P260
VAR-QB00065,P264
VAR-QB00065,P280
VAR-QB00193,P280
VAR-QB00193,P305+P351+P338
VAR-QB00193,P310
VAR-QB00066,P201
VAR-QB00066,P202
VAR-QB00066,P281
VAR-QB00066,P308+P313
VAR-QB00066,P405
VAR-QB00066,P501
VAR-QB00067,P102
VAR-QB00067,P260
VAR-QB00067,P264
VAR-QB00067,P273
VAR-QB00067,P280
VAR-QB00067,P301+P330+P331
VAR-QB00067,P303+P361+P353
VAR-QB00067,P304+P340
VAR-QB00067,P305+P351+P338
IFF-QB00136,P210
IFF-QB00136,P280
IFF-QB00136,P302+P352
ASH-QB00064,P264
ASH-QB00064,P280
ASH-QB00064,P305+P351+P338
KAO-QB00028,P280
KAO-QB00028,P210
KAO-QB00028,P241
KAO-QB00028,P242
KAO-QB00028,P243
KAO-QB00028,P271
KAO-QB00028,P273
KAO-QB00028,P260
KAO-QB00028,P270
KAO-QB00028,P264
KAO-QB00028,P272
KAO-QB00028,P391
KAO-QB00028,P304+P310
KAO-QB00028,P303+P361+P353
KAO-QB00028,P310
KAO-QB00028,P405
KAO-QB00028,P403+P233
KAO-QB00028,P403+P235
KAO-QB00028,P501
ASH-QB00010,P101
ASH-QB00010,P102
ASH-QB00010,P103
ASH-QB00010,P264
ASH-QB00010,P280
ASH-QB00010,P305+P351+P338
IFF-QB00289,P210
IFF-QB00289,P261
IFF-QB00289,P280
IFF-QB00289,P302+P352
IFF-QB00289,P305+P351+P338
IFF-QB00289,P308+P313
IFF-QB00289,P333+P313
IFF-QB00289,P337+P313
IFF-QB00289,P370+P378
IFF-QB00206,P210
IFF-QB00206,P261
IFF-QB00206,P280
IFF-QB00206,P302+P352
IFF-QB00206,P305+P351+P338
IFF-QB00206,P308+P313
IFF-QB00206,P333+P313
IFF-QB00206,P337+P313
IFF-QB00206,P370+P378
IFF-QB00137,P210
IFF-QB00137,P280
IFF-QB00137,P302+P352
IFF-QB00137,P305+P351+P338
VAR-QB00172,P210
IFF-QB00175,P261
IFF-QB00175,P264
IFF-QB00175,P280
IFF-QB00175,P302+P352
IFF-QB00175,P308+P313
IFF-QB00175,P333+P313
KAO-QB00029,P280
KAO-QB00029,P273
KAO-QB00029,P260
KAO-QB00029,P270
KAO-QB00029,P264
KAO-QB00029,P391
KAO-QB00029,P304+P310
KAO-QB00029,P301+P310
KAO-QB00029,P330
KAO-QB00029,P331
KAO-QB00029,P303+P361+P353
KAO-QB00029,P310
KAO-QB00029,P363
KAO-QB00029,P305+P351+P338
KAO-QB00029,P405
KAO-QB00029,P501
KAO-QB00030,P280
KAO-QB00030,P210
KAO-QB00030,P273
KAO-QB00030,P270
KAO-QB00030,P264
KAO-QB00030,P391
KAO-QB00030,P304+P340
KAO-QB00030,P310
KAO-QB00030,P301+P310
KAO-QB00030,P330
KAO-QB00030,P331
KAO-QB00030,P303+P361+P353
KAO-QB00030,P363
KAO-QB00030,P305+P351+P338
KAO-QB00030,P405
KAO-QB00030,P501
KAO-QB00031,P280
KAO-QB00031,P273
KAO-QB00031,P264
KAO-QB00031,P391
KAO-QB00031,P305+P351+P338
KAO-QB00031,P337+P313
KAO-QB00031,P501
VAR-QB00069,P264
VAR-QB00069,P270
VAR-QB00069,P261
VAR-QB00069,P301+P312
VAR-QB00069,P302+P352
VAR-QB00069,P305+P351+P338
VAR-QB00069,P321
VAR-QB00069,P330
VAR-QB00069,P332+P313
VAR-QB00069,P501
VAR-QB00070,P264
VAR-QB00070,P273
VAR-QB00070,P280
VAR-QB00070,P303+P361+P353
VAR-QB00070,P305+P351+P338
VAR-QB00070,P314
VAR-QB00070,P403+P233
VAR-QB00071,P305+P351+P338
VAR-QB00071,P313
VAR-QB00071,P301+P330+P331
VAR-QB00071,P303+P352
IFF-QB00138,P301+P312+P330
IFF-QB00139,P210
IFF-QB00139,P261
IFF-QB00139,P280
IFF-QB00139,P302+P352
IFF-QB00139,P305+P351+P338
IFF-QB00139,P308+P313
IFF-QB00139,P333+P313
IFF-QB00139,P337+P313
IFF-QB00139,P370+P378
VAR-QB00073,P264
VAR-QB00073,P270
VAR-QB00073,P273
VAR-QB00073,P280
VAR-QB00073,P301+P312+P330
VAR-QB00073,P302+P352
VAR-QB00073,P362+P364
VAR-QB00073,P332+P313
VAR-QB00073,P305+P351+P338
VAR-QB00073,P310
VAR-QB00075,P102
VAR-QB00075,P210
VAR-QB00075,P261
VAR-QB00075,P280
VAR-QB00075,P273
VAR-QB00075,P303+P332+P352
VAR-QB00075,P305+P352
VAR-QB00075,P306+P363
VAR-QB00075,P314
VAR-QB00075,P402+P403+P404+P410
VAR-QB00075,P501
IFF-QB00088,P210
IFF-QB00088,P261
IFF-QB00088,P280
IFF-QB00088,P302+P352
IFF-QB00088,P304+P340+P312
IFF-QB00088,P305+P351+P338
IFF-QB00088,P333+P313
IFF-QB00088,P337+P313
IFF-QB00088,P370+P378
IFF-QB00088,P391
IFF-QB00140,P261
IFF-QB00140,P280
IFF-QB00140,P302+P352
IFF-QB00140,P305+P351+P338
IFF-QB00140,P308+P313
IFF-QB00140,P333+P313
IFF-QB00140,P337+P313
IFF-QB00044,P261
IFF-QB00044,P280
IFF-QB00044,P302+P352
IFF-QB00044,P308+P313
IFF-QB00044,P333+P313
IFF-QB00045,P210
IFF-QB00045,P261
IFF-QB00045,P280
IFF-QB00045,P302+P252
IFF-QB00045,P304+P340+P312
IFF-QB00045,P305+P351+P338
IFF-QB00045,P333+P313
IFF-QB00045,P337+P313
IFF-QB00045,P370+P378
IFF-QB00007,P210
IFF-QB00007,P261
IFF-QB00007,P280
IFF-QB00007,P302+P352
IFF-QB00007,P304+P340+P312
IFF-QB00007,P305+P351+P338
IFF-QB00007,P333+P313
IFF-QB00007,P337+P313
IFF-QB00007,P370+P378
IFF-QB00007,P403+P233
IFF-QB00008,P210
IFF-QB00008,P261
IFF-QB00008,P280
IFF-QB00008,P302+P352
IFF-QB00008,P305+P351+P338
IFF-QB00008,P333+P313
IFF-QB00008,P337+P313
IFF-QB00008,P370+P378
IFF-QB00207,P260
IFF-QB00207,P280
IFF-QB00207,P302+P352
IFF-QB00207,P305+P351+P338
IFF-QB00207,P308+P313
IFF-QB00207,P333+P313
IFF-QB00207,P337+P313
IFF-QB00009,P210
IFF-QB00009,P260
IFF-QB00009,P280
IFF-QB00009,P301+P310
IFF-QB00009,P302+P352
IFF-QB00009,P305+P351+P338
IFF-QB00009,P308+P311
IFF-QB00009,P331
IFF-QB00009,P333+P313
IFF-QB00009,P370+P378
IFF-QB00009,P391
IFF-QB00290,P261
IFF-QB00290,P280
IFF-QB00290,P302+P352
IFF-QB00290,P333+P313
IFF-QB00290,P501
IFF-QB00239,P210
IFF-QB00239,P261
IFF-QB00239,P280
IFF-QB00239,P301+P310
IFF-QB00239,P302+P352
IFF-QB00239,P305+P351+P338+P310
IFF-QB00239,P308+P313
IFF-QB00239,P331
IFF-QB00239,P333+P313
IFF-QB00239,P370+P378
IFF-QB00046,P210
IFF-QB00046,P261
IFF-QB00046,P280
IFF-QB00046,P302+P352
IFF-QB00046,P305+P351+P338
IFF-QB00046,P308+P313
IFF-QB00046,P333+P313
IFF-QB00046,P337+P313
IFF-QB00046,P370+P378
VAR-QB00076,P260
VAR-QB00076,P264
VAR-QB00076,P270
VAR-QB00076,P271
VAR-QB00076,P280
VAR-QB00076,P301+P312
VAR-QB00076,P304+P340
VAR-QB00076,P305+P361+P338
VAR-QB00076,P501
ASH-QB00058,H261
ASH-QB00058,H264
ASH-QB00058,H270
ASH-QB00058,P280
ASH-QB00058,P301+P312+P330
ASH-QB00058,P304+P340+P312
ASH-QB00058,P305+P351+P338+P310
ASH-QB00058,P403+P233
ASH-QB00058,P501
IFF-QB00141,P210
IFF-QB00141,P261
IFF-QB00141,P280
IFF-QB00141,P302+P352
IFF-QB00141,P305+P351+P338
IFF-QB00141,P333+P313
IFF-QB00141,P337+P313
IFF-QB00141,P370+P378
IFF-QB00047,P210
IFF-QB00047,P261
IFF-QB00047,P280
IFF-QB00047,P302+P352
IFF-QB00047,P305+P351+P338
IFF-QB00047,P333+P313
IFF-QB00047,P337+P313
IFF-QB00047,P370+P378
IFF-QB00199,P280
IFF-QB00199,P302+P352
IFF-QB00199,P305+P351+P338
KAO-QB00044,P280
KAO-QB00044,P273
KAO-QB00044,P264
KAO-QB00044,P302+P352
KAO-QB00044,P332+P313
KAO-QB00044,P362+P364
KAO-QB00044,P305+P351+P338
KAO-QB00044,P310
KAO-QB00044,P501
KAO-QB00046,P280
KAO-QB00046,P273
KAO-QB00046,P270
KAO-QB00046,P264
KAO-QB00046,P301+P312
KAO-QB00046,P330
KAO-QB00046,P302+P352
KAO-QB00046,P332+P313
KAO-QB00046,P362+P364
KAO-QB00046,P305+P351+P338
KAO-QB00046,P310
KAO-QB00046,P501
KAO-QB00085,P280
KAO-QB00085,P264
KAO-QB00085,P362+P364
KAO-QB00085,P302+P352
KAO-QB00085,P332+P313
KAO-QB00085,P305+P351+P338
KAO-QB00085,P310
VAR-QB00078,P264
VAR-QB00078,P280
VAR-QB00078,P305+P351+P338
VAR-QB00078,P337+P313
ASH-QB00014,P264
ASH-QB00014,P280
ASH-QB00014,P302+P352
ASH-QB00014,P305+P351+P338
ASH-QB00014,P312
ASH-QB00014,P332+P313
ASH-QB00014,P362+P364
VAR-QB00082,P260
VAR-QB00082,P273
VAR-QB00082,P303+P361+P353
VAR-QB00082,P304+P340
VAR-QB00082,P310
VAR-QB00082,P305+P351+P338
VAR-QB00082,P321
VAR-QB00082,P405
VAR-QB00082,P501
IFF-QB00089,P261
IFF-QB00089,P264
IFF-QB00089,P280
IFF-QB00089,P302+P352
IFF-QB00089,P308+P313
IFF-QB00089,P333+P313
ASH-QB00016,P101
ASH-QB00016,P102
ASH-QB00016,P103
ASH-QB00016,P261
ASH-QB00016,P264
ASH-QB00016,P272
ASH-QB00016,P280
ASH-QB00016,P301+P330+P331
ASH-QB00016,P303+P361+P353
ASH-QB00016,P304+P340+P310
ASH-QB00016,P305+P351+P338+P310
ASH-QB00016,P312
ASH-QB00016,P333+P313
ASH-QB00016,P362+P364
ASH-QB00016,P405
ASH-QB00016,P501
ASH-QB00059,P101
ASH-QB00059,P102
ASH-QB00059,P103
ASH-QB00059,P261
ASH-QB00059,P264
ASH-QB00059,P270
ASH-QB00059,P271
ASH-QB00059,P280
ASH-QB00059,P301+P312+P330
ASH-QB00059,P304+P340+P312
ASH-QB00059,P305+P351+P338+P310
ASH-QB00059,P403+P233
ASH-QB00059,P405
ASH-QB00059,P501
ASH-QB00076,P101
ASH-QB00076,P102
ASH-QB00076,P103
ASH-QB00076,P261
ASH-QB00076,P264
ASH-QB00076,P270
ASH-QB00076,P272
ASH-QB00076,P280
ASH-QB00076,P301+P312+P330
ASH-QB00076,P302+P352
ASH-QB00076,P305+P351+P338+P310
ASH-QB00076,P333+P313
ASH-QB00076,P362+P364
ASH-QB00076,P501
ASH-QB00017,P101
ASH-QB00017,P102
ASH-QB00017,P103
ASH-QB00017,P261
ASH-QB00017,P264
ASH-QB00017,P270
ASH-QB00017,P271
ASH-QB00017,P280
ASH-QB00017,P301+P312+P330
ASH-QB00017,P304+P340+P312
ASH-QB00017,P305+P351+P338+P310
ASH-QB00017,P403+P233
ASH-QB00017,P405
ASH-QB00017,P501
IFF-QB00240,P210
IFF-QB00240,P233
IFF-QB00240,P240
IFF-QB00240,P241
IFF-QB00240,P242
IFF-QB00240,P243
IFF-QB00240,P260
IFF-QB00240,P264
IFF-QB00240,P270
IFF-QB00240,P272
IFF-QB00240,P273
IFF-QB00240,P280
IFF-QB00240,P301+P310
IFF-QB00240,P303+P364
IFF-QB00240,P305+P351+P338
IFF-QB00240,P331
IFF-QB00240,P333+P313
IFF-QB00240,P362+P364
IFF-QB00240,P370+P378
IFF-QB00240,P391
IFF-QB00240,P403+P235
IFF-QB00240,P405
IFF-QB00240,P501
VAR-QB00085,P210
VAR-QB00085,P261
VAR-QB00085,P273
VAR-QB00085,P280
VAR-QB00085,P301+P310+P331
VAR-QB00085,P302+P352+P333+P313
VAR-QB00085,P370+P378
VAR-QB00085,P391
IFF-QB00142,P280
IFF-QB00142,P302+P352
IFF-QB00173,P261
IFF-QB00173,P280
IFF-QB00173,P302+P352
IFF-QB00173,P305+P351+P338
IFF-QB00173,P308+P313
IFF-QB00173,P333+P313
IFF-QB00173,P337+P313
IFF-QB00177,P210
IFF-QB00177,P261
IFF-QB00177,P280
IFF-QB00177,P301+P310
IFF-QB00177,P302+P352
IFF-QB00177,P305+P351+P338
IFF-QB00177,P308+P313
IFF-QB00177,P331
IFF-QB00177,P333+P313
IFF-QB00177,P337+P313
IFF-QB00177,P370+P378
IFF-QB00190,P261
IFF-QB00190,P280
IFF-QB00190,P302+P352
IFF-QB00190,P308+P313
IFF-QB00190,P333+P313
IFF-QB00190,P501
IFF-QB00189,P261
IFF-QB00189,P280
IFF-QB00189,P302+P352
IFF-QB00189,P305+P351+P338
IFF-QB00189,P308+P313
IFF-QB00189,P333+P313
IFF-QB00189,P337+P313
IFF-QB00185,P261
IFF-QB00185,P280
IFF-QB00185,P302+P352
IFF-QB00185,P305+P351+P338
IFF-QB00185,P308+P313
IFF-QB00185,P333+P313
IFF-QB00185,P337+P313
IFF-QB00173,P264
IFF-QB00192,P210
IFF-QB00192,P261
IFF-QB00192,P280
IFF-QB00192,P302+P352
IFF-QB00192,P308+P313
IFF-QB00192,P333+P313
IFF-QB00192,P370+P378
VAR-QB00183,P261
VAR-QB00183,P271
VAR-QB00183,P273
VAR-QB00183,P280
VAR-QB00183,P304+P340+P312
VAR-QB00183,P305+P351+P338+P310
VAR-QB00183,P391
VAR-QB00183,P403+P233
IFF-QB00186,P210
IFF-QB00186,P280
IFF-QB00186,P302+P352
IFF-QB00186,P305+P351+P338
LUB-QB00034,P332+P313
IFF-QB00011,P210
IFF-QB00011,P261
IFF-QB00011,P280
IFF-QB00011,P302+P352
IFF-QB00011,P305+P351+P338+P310
IFF-QB00011,P308+P313
IFF-QB00011,P333+P313
IFF-QB00011,P370+P378
IFF-QB00012,P210
IFF-QB00012,P261
IFF-QB00012,P280
IFF-QB00012,P302+P352
IFF-QB00012,P305+P351+P338+P310
IFF-QB00012,P308+P313
IFF-QB00012,P333+P313
IFF-QB00012,P370+P378
IFF-QB00143,P210
IFF-QB00143,P261
IFF-QB00143,P280
IFF-QB00143,P301+P310
IFF-QB00143,P302+P352
IFF-QB00143,P305+P351+P338
IFF-QB00143,P308+P313
IFF-QB00143,P331
IFF-QB00143,P333+P313
IFF-QB00143,P337+P313
IFF-QB00143,P370+P378
IFF-QB00048,P280
IFF-QB00048,P302+P352
IFF-QB00048,P305+P351+P338+P310
IFF-QB00090,P261
IFF-QB00090,P280
IFF-QB00090,P302+P352
IFF-QB00090,P305+P351+P338
IFF-QB00090,P308
IFF-QB00090,P313
IFF-QB00090,P333+P313
IFF-QB00090,P337+P313
IFF-QB00013,P261
IFF-QB00013,P280
IFF-QB00013,P302+P352
IFF-QB00013,P305+P351+P338
IFF-QB00013,P308+P313
IFF-QB00013,P333+P313
IFF-QB00013,P337+P313
IFF-QB00010,P261
IFF-QB00010,P280
IFF-QB00010,P302+P352
IFF-QB00010,P305+P351+P338
IFF-QB00010,P308+P313
IFF-QB00010,P333+P313
IFF-QB00010,P337+P313
IFF-QB00049,P261
IFF-QB00049,P280
IFF-QB00049,P302+P352
IFF-QB00049,P305+P351+P338
IFF-QB00049,P308+P313
IFF-QB00049,P333+P313
IFF-QB00049,P337+P313
IFF-QB00050,P261
IFF-QB00050,P280
IFF-QB00050,P302+P352
IFF-QB00050,P305+P351+P338+P310
IFF-QB00050,P308+P313
IFF-QB00050,P333+P313
IFF-QB00144,P261
IFF-QB00144,P280
IFF-QB00144,P302+P352
IFF-QB00144,P305+P351+P338
IFF-QB00144,P308+P313
IFF-QB00144,P333+P313
IFF-QB00144,P337+P313
IFF-QB00259,P201
IFF-QB00259,P202
IFF-QB00259,P261
IFF-QB00259,P264
IFF-QB00259,P280
IFF-QB00259,P302+P352
IFF-QB00259,P305+P351+P338
IFF-QB00259,P312
IFF-QB00259,P333+P313
IFF-QB00259,P337+P313
IFF-QB00259,P391
IFF-QB00259,P405
IFF-QB00259,P501
IFF-QB00208,P210
IFF-QB00208,P280
IFF-QB00208,P302+P352
IFF-QB00208,P305+P351+P338
VAR-QB00093,P261
VAR-QB00093,P264
VAR-QB00093,P270
VAR-QB00093,P272
VAR-QB00093,P280
VAR-QB00093,P301+P312+P330
VAR-QB00093,P301+P330+P331
VAR-QB00093,P303+P361+P353
VAR-QB00093,P304+P340+P310
VAR-QB00093,P305+P351+P338+P310
VAR-QB00093,P333+P313
VAR-QB00093,P363
VAR-QB00093,P405
VAR-QB00093,P501
KAO-QB00049,P280
KAO-QB00049,P273
KAO-QB00049,P264
KAO-QB00049,P391
KAO-QB00049,P302+P352
KAO-QB00049,P332+P313
KAO-QB00049,P362+P364
KAO-QB00049,P305+P351+P338
KAO-QB00049,P310
KAO-QB00049,P501
KAO-QB00052,P280
KAO-QB00052,P305+P351+P338
KAO-QB00052,P310
IFF-QB00091,P210
IFF-QB00091,P261
IFF-QB00091,P280
IFF-QB00091,P302+P352
IFF-QB00091,P305+P351+P338
IFF-QB00091,P308+P313
IFF-QB00091,P333+P313
IFF-QB00091,P337+P313
IFF-QB00091,P370+P378
IFF-QB00092,P210
IFF-QB00092,P261
IFF-QB00092,P280
IFF-QB00092,P302+P352
IFF-QB00092,P304+P340+P312
IFF-QB00092,P305+P351+P338
IFF-QB00092,P308+P313
IFF-QB00092,P333+P313
IFF-QB00092,P337+P313
IFF-QB00092,P370+P378
IFF-QB00092,P403+P233
IFF-QB00051,P210
IFF-QB00051,P260
IFF-QB00051,P280
IFF-QB00051,P302+P352
IFF-QB00051,P305+P351+P338
IFF-QB00051,P308+P313
IFF-QB00051,P333+P313
IFF-QB00051,P337+P313
IFF-QB00051,P370+P378
IFF-QB00052,P210
IFF-QB00052,P261
IFF-QB00052,P280
IFF-QB00052,P302+P352
IFF-QB00052,P305+P351+P338+P310
IFF-QB00052,P308+P313
IFF-QB00052,P333+P313
IFF-QB00052,P370+P378
IFF-QB00093,P210
IFF-QB00093,P261
IFF-QB00093,P280
IFF-QB00093,P302+P352
IFF-QB00093,P308+P313
IFF-QB00093,P333+P31
IFF-QB00093,P370+P378
IFF-QB00244,P210
IFF-QB00244,P240
IFF-QB00244,P280
IFF-QB00244,P302+P352
IFF-QB00244,P403+P235
IFF-QB00322,P210
IFF-QB00322,P261
IFF-QB00322,P280
IFF-QB00322,P301+P310
IFF-QB00322,P302+P352
IFF-QB00322,P305+P351+P338
IFF-QB00322,P308+P313
IFF-QB00322,P331
IFF-QB00322,P333+P313
IFF-QB00322,P337+P313
IFF-QB00322,P370+P378
IFF-QB00145,P210
IFF-QB00145,P261
IFF-QB00145,P280
IFF-QB00145,P301+P310
IFF-QB00145,P302+P352
IFF-QB00145,P331
IFF-QB00145,P308+P313
IFF-QB00145,P333+P313
IFF-QB00145,P370+P378
IFF-QB00014,P261
IFF-QB00014,P280
IFF-QB00014,P302+P352
IFF-QB00014,P305+P351+P338
IFF-QB00014,P308+P313
IFF-QB00014,P333+P313
IFF-QB00014,P337+P313
IFF-QB00146,P210
IFF-QB00146,P261
IFF-QB00146,P280
IFF-QB00146,P301+P310
IFF-QB00146,P302+P352
IFF-QB00146,P308+P313
IFF-QB00146,P331
IFF-QB00146,P333+P313
IFF-QB00146,P370+P378
IFF-QB00124,P261
IFF-QB00124,P308+P313
IFF-QB00124,P333+P313
IFF-QB00124,P337+P313
ASH-QB00060,P261
ASH-QB00060,P272
ASH-QB00060,P280
ASH-QB00060,P302+P352
ASH-QB00060,P333+P313
ASH-QB00060,P362+P364
ASH-QB00060,P501
ASH-QB00020,P101
ASH-QB00020,P102
ASH-QB00020,P103
ASH-QB00020,P260
ASH-QB00020,P264
ASH-QB00020,P270
ASH-QB00020,P272
ASH-QB00020,P280
ASH-QB00020,P302+P352
ASH-QB00020,P305+P351+P338+P310
ASH-QB00020,P312
ASH-QB00020,P333+P313
ASH-QB00020,P362+P364
ASH-QB00020,P501
IFF-QB00187,P210
IFF-QB00187,P261
IFF-QB00187,P280
IFF-QB00187,P302+P352
IFF-QB00187,P305+P351+P338
IFF-QB00187,P308+P313
IFF-QB00187,P333+P313
IFF-QB00187,P337+P313
IFF-QB00187,P370+P378
IFF-QB00015,P210
IFF-QB00015,P280
IFF-QB00015,P302+P352
IFF-QB00015,P305+P351+P338
IFF-QB00147,P210
IFF-QB00147,P280
IFF-QB00147,P302+P352
IFF-QB00147,P305+P351+P338
IFF-QB00053,P210
IFF-QB00053,P261
IFF-QB00053,P280
IFF-QB00053,P302+P352
IFF-QB00053,P305+P351+P338
IFF-QB00053,P308+P313
IFF-QB00053,P333+P313
IFF-QB00053,P337+P313
IFF-QB00053,P370+P378
IFF-QB00245,P210
IFF-QB00245,P280
IFF-QB00245,P302+P352
IFF-QB00245,P305+P351+P338
VAR-QB00102,P280
VAR-QB00102,P273
VAR-QB00102,P305+P351+P338
VAR-QB00102,P310
VAR-QB00102,P501
VAR-QB00103,P280
VAR-QB00103,P273
VAR-QB00103,P264
VAR-QB00103,P305+P351+P338
VAR-QB00103,P310
VAR-QB00103,P303+P352
VAR-QB00103,P332+P313
VAR-QB00103,P362+P364
VAR-QB00103,P501
VAR-QB00104,P260
VAR-QB00104,P264
VAR-QB00104,P270
VAR-QB00104,P271
VAR-QB00104,P272
VAR-QB00104,P273
VAR-QB00104,P280
VAR-QB00104,P284
VAR-QB00104,P301+P310
VAR-QB00104,P321
VAR-QB00104,P330
VAR-QB00104,P301+P330+P331
VAR-QB00104,P303+P361+P353
VAR-QB00104,P333+P313
VAR-QB00104,P362+P364
VAR-QB00104,P304+P340
VAR-QB00104,P305+P351+P338
VAR-QB00104,P310
VAR-QB00104,P342+P311
VAR-QB00104,P391
VAR-QB00104,P403+P233
VAR-QB00104,P405
VAR-QB00104,P501
IFF-QB00246,P280
IFF-QB00246,P302+P352
IFF-QB00054,P210
IFF-QB00054,P261
IFF-QB00054,P280
IFF-QB00054,P302+P352
IFF-QB00054,P305+P351+P338
IFF-QB00054,P308+P313
IFF-QB00054,P333+P313
IFF-QB00054,P337+P313
IFF-QB00054,P370+P378
IFF-QB00094,P210
IFF-QB00094,P261
IFF-QB00094,P280
IFF-QB00094,P301+P310
IFF-QB00094,P302+P352
IFF-QB00094,P305+P351+P338
IFF-QB00094,P308+P313
IFF-QB00094,P333+P313
IFF-QB00094,P337+P313
IFF-QB00094,P370+P378
IFF-QB00319,P261
IFF-QB00319,P280
IFF-QB00319,P302+P352
IFF-QB00319,P308+P313
IFF-QB00319,P333+P313
KAO-QB00013,P280
KAO-QB00013,P264
KAO-QB00013,P304+P340
KAO-QB00013,P310
KAO-QB00013,P301+P310
KAO-QB00013,P330
KAO-QB00013,P331
KAO-QB00013,P303+P361+P353
KAO-QB00013,P363
KAO-QB00013,P305+P351+P338
KAO-QB00013,P405
KAO-QB00013,P501
IFF-QB00055,P261
IFF-QB00055,P280
IFF-QB00055,P302+P352
IFF-QB00055,P308+P313
IFF-QB00055,P333+P313
IFF-QB00200,P261
IFF-QB00200,P264
IFF-QB00200,P280
IFF-QB00200,P302+P352
IFF-QB00200,P308+P313
IFF-QB00200,P333+P313
IFF-QB00095,P210
IFF-QB00095,P261
IFF-QB00095,P280
IFF-QB00095,P301+P310
IFF-QB00095,P302+P352
IFF-QB00095,P305+P351+P338+P310
IFF-QB00095,P308+P313
IFF-QB00095,P331
IFF-QB00095,P333+P313
IFF-QB00095,P370+P378
IFF-QB00188,P210
IFF-QB00188,P280
IFF-QB00188,P301+P312+P330
IFF-QB00188,P302+P352
IFF-QB00188,P305+P351+P338
IFF-QB00188,P305+P351
IFF-QB00188,P338
ASH-QB00061,P264
ASH-QB00061,P280
ASH-QB00061,P305+P351+P338
ASH-QB00061,P312
VAR-QB00105,P210
VAR-QB00105,P264
VAR-QB00105,P280
VAR-QB00105,P303+P361+P353
VAR-QB00105,P304+P340
VAR-QB00105,P305+P351+P338
VAR-QB00105,P337+P313
VAR-QB00105,P370+P378
VAR-QB00105,P403+P233
VAR-QB00105,P405
VAR-QB00106,P301+P310
VAR-QB00106,P302+P352
VAR-QB00106,P331
IFF-QB00016,P261
IFF-QB00016,P280
IFF-QB00016,P302+P352
IFF-QB00016,P308+P313
IFF-QB00016,P333+P313
IFF-QB00016,P501
IFF-QB00017,P210
IFF-QB00017,P261
IFF-QB00017,P280
IFF-QB00017,P302+P352
IFF-QB00017,P333+P313
IFF-QB00017,P370+P378
IFF-QB00249,P210
IFF-QB00249,P261
IFF-QB00249,P280
IFF-QB00249,P302+P352
IFF-QB00249,P305+P351+P338
IFF-QB00249,P308+P313
IFF-QB00249,P333+P313
IFF-QB00249,P337+P313
IFF-QB00249,P370+P378
IFF-QB00150,P210
KAO-QB00014,P201
KAO-QB00014,P202
KAO-QB00014,P280
KAO-QB00014,P273
KAO-QB00014,P260
KAO-QB00014,P270
KAO-QB00014,P264
KAO-QB00014,P391
KAO-QB00014,P304+P310
KAO-QB00014,P301+P310
KAO-QB00014,P330
KAO-QB00014,P331
KAO-QB00014,P303+P361+P353
KAO-QB00014,P310
KAO-QB00014,P363
KAO-QB00014,P305+P351+P338
KAO-QB00014,P405
KAO-QB00014,P501
KAO-QB00059,P280
KAO-QB00059,P210
KAO-QB00059,P241
KAO-QB00059,P242
KAO-QB00059,P243
KAO-QB00059,P233
KAO-QB00059,P273
KAO-QB00059,P303+P361+P353
KAO-QB00059,P403+P235
KAO-QB00059,P501
IFF-QB00151,P210
IFF-QB00151,P261
IFF-QB00151,P280
IFF-QB00151,P301+P310
IFF-QB00151,P302+P352
IFF-QB00151,P305+P351+P338
IFF-QB00151,P308+P313
IFF-QB00151,P331
IFF-QB00151,P333+P313
IFF-QB00151,P337+P313
IFF-QB00151,P370+P378
IFF-QB00018,P210
IFF-QB00018,P260
IFF-QB00018,P280
IFF-QB00018,P301+P310
IFF-QB00018,P302+P352
IFF-QB00018,P305+P351+P338
IFF-QB00018,P308+P311
IFF-QB00018,P308+P313
IFF-QB00018,P331
IFF-QB00018,P333+P313
IFF-QB00018,P337+P313
IFF-QB00018,P370+P378
IFF-QB00324,P261
IFF-QB00324,P280
IFF-QB00324,P302+P352
IFF-QB00324,P305+P351+P338
IFF-QB00324,P308+P313
IFF-QB00324,P333+P313
IFF-QB00324,P337+P313
IFF-QB00250,P210
IFF-QB00250,P261
IFF-QB00250,P264
IFF-QB00250,P272
IFF-QB00250,P273
IFF-QB00250,P301+P310
IFF-QB00250,P302+P352
IFF-QB00250,P305+P351+P338
IFF-QB00250,P312
IFF-QB00250,P331
IFF-QB00250,P333+P313
IFF-QB00250,P337+P313
IFF-QB00250,P362+P364
IFF-QB00250,P370+P378
IFF-QB00250,P391
IFF-QB00250,P403+P235
IFF-QB00250,P405
IFF-QB00250,P501
IFF-QB00251,P210
IFF-QB00251,P280
IFF-QB00251,P302+P352
IFF-QB00251,P304+P340+P312
IFF-QB00251,P305+P351+P338
IFF-QB00019,P210
IFF-QB00019,P260
IFF-QB00019,P280
IFF-QB00019,P302+P352
IFF-QB00019,P305+P351+P338
IFF-QB00019,P308+P311
IFF-QB00019,P308+P313
IFF-QB00019,P333+P313
IFF-QB00019,P337+P313
IFF-QB00019,P370+P378
IFF-QB00020,P210
IFF-QB00020,P260
IFF-QB00020,P280
IFF-QB00020,P302+P352
IFF-QB00020,P305+P351+P338
IFF-QB00020,P308+P311
IFF-QB00020,P308+P313
IFF-QB00020,P333+P313
IFF-QB00020,P337+P313
IFF-QB00020,P370+P378
IFF-QB00021,P210
IFF-QB00021,P261
IFF-QB00021,P280
IFF-QB00021,P301+P310
IFF-QB00021,P302+P352
IFF-QB00021,P305+P351+P338
IFF-QB00021,P308+P313
IFF-QB00021,P331
IFF-QB00021,P333+P313
IFF-QB00021,P337+P313
IFF-QB00021,P370+P378
VAR-QB00108,P280
VAR-QB00108,P303+P361+P353
VAR-QB00108,P305+P351+P338
VAR-QB00108,P314
VAR-QB00108,P403+P233
VAR-QB00109,P280
VAR-QB00109,P303+P361+P353
VAR-QB00109,P305+P351+P338
VAR-QB00109,P314
VAR-QB00109,P403+P233
IFF-QB00022,P210
IFF-QB00022,P261
IFF-QB00022,P280
IFF-QB00022,P301+P310
IFF-QB00022,P302+P352
IFF-QB00022,P305+P351+P338+P310
IFF-QB00022,P308+P313
IFF-QB00022,P331
IFF-QB00022,P333+P313
IFF-QB00022,P370+P378
IFF-QB00023,P210
IFF-QB00023,P261
IFF-QB00023,P280
IFF-QB00023,P301+P310
IFF-QB00023,P302+P352
IFF-QB00023,P305+P351+P338
IFF-QB00023,P308+P313
IFF-QB00023,P331
IFF-QB00023,P333+P313
IFF-QB00023,P337+P313
IFF-QB00023,P370+P378
IFF-QB00024,P210
IFF-QB00024,P261
IFF-QB00024,P280
IFF-QB00024,P301+P310
IFF-QB00024,P302+P352
IFF-QB00024,P304+P340+P312
IFF-QB00024,P305+P351+P338
IFF-QB00024,P308+P313
IFF-QB00024,P331
IFF-QB00024,P333+P313
IFF-QB00024,P337+P313
IFF-QB00024,P370+P378
IFF-QB00096,P210
IFF-QB00096,P261
IFF-QB00096,P280
IFF-QB00096,P302+P352
IFF-QB00096,P308+P313
IFF-QB00096,P333+P313
IFF-QB00096,P370+P378
IFF-QB00201,P261
IFF-QB00201,P280
IFF-QB00201,P302+P352
IFF-QB00201,P305+P351+P338
IFF-QB00201,P308+P313
IFF-QB00201,P333+P313
IFF-QB00201,P313
IFF-QB00097,P210
IFF-QB00097,P280
IFF-QB00097,P302+P352
IFF-QB00097,P305+P351+P338
VAR-QB00111,P273
VAR-QB00111,P280
VAR-QB00111,P305+P351+P338
VAR-QB00111,P310
VAR-QB00111,P391
VAR-QB00111,P501
ASH-QB00067,P101
ASH-QB00067,P102
ASH-QB00067,P103
ASH-QB00067,P264
ASH-QB00067,P280
ASH-QB00067,P305+P351+P338
ASH-QB00024,P201
ASH-QB00024,P202
ASH-QB00024,P280
ASH-QB00024,P305+P351+P338+P310
ASH-QB00024,P308+P313
ASH-QB00024,P405
ASH-QB00024,P501
ASH-QB00025,P261
ASH-QB00025,P272
ASH-QB00025,P280
ASH-QB00025,P302+P352
ASH-QB00025,P333+P313
ASH-QB00025,P362+P364
ASH-QB00025,P501
IFF-QB00202,P261
IFF-QB00202,P280
IFF-QB00202,P302+P352
IFF-QB00202,P308+P313
IFF-QB00202,P333+P313
IFF-QB00202,P501
IFF-QB00202,P362+P364
IFF-QB00056,P210
IFF-QB00056,P261
IFF-QB00056,P280
IFF-QB00056,P302+P352
IFF-QB00056,P305+P351+P338
IFF-QB00056,P308+P313
IFF-QB00056,P333+P313
IFF-QB00056,P337+P313
IFF-QB00056,P370+P378
IFF-QB00057,P261
IFF-QB00057,P280
IFF-QB00057,P302+P352
IFF-QB00057,P305+P351+P338
IFF-QB00057,P308+P313
IFF-QB00057,P333+P313
IFF-QB00057,P337+P313
IFF-QB00152,P280
IFF-QB00152,P302+P352
IFF-QB00036,P210
IFF-QB00036,P261
IFF-QB00036,P280
IFF-QB00036,P302+P352
IFF-QB00036,P305+P351+P338
IFF-QB00036,P308+P313
IFF-QB00036,P333+P313
IFF-QB00036,P337+P313
IFF-QB00036,P370+P378
IFF-QB00025,P210
IFF-QB00025,P261
IFF-QB00025,P280
IFF-QB00025,P302+P352
IFF-QB00025,P308+P313
IFF-QB00025,P333+P313
IFF-QB00025,P370+P378
IFF-QB00254,P210
IFF-QB00254,P280
IFF-QB00254,P302+P352
IFF-QB00254,P305+P351+P338
IFF-QB00209,P210
IFF-QB00209,P260
IFF-QB00209,P280
IFF-QB00209,P301+P310
IFF-QB00209,P302+P352
IFF-QB00209,P305+P351+P338+P310
IFF-QB00209,P308+P311
IFF-QB00209,P308+P313
IFF-QB00209,P331
IFF-QB00209,P333+P313
IFF-QB00209,P370+P378
IFF-QB00099,P210
IFF-QB00099,P280
IFF-QB00099,P302+P352
IFF-QB00099,P305+P351+P338
VAR-QB00112,P210
VAR-QB00112,P261
VAR-QB00112,P273
VAR-QB00112,P280
VAR-QB00112,P302+P352+P333+P313
VAR-QB00112,P312
VAR-QB00112,P370+P378
VAR-QB00112,P391
VAR-QB00113,P280
VAR-QB00113,P302+P352
VAR-QB00113,P305+P351+P338
VAR-QB00113,P332+P313
VAR-QB00113,P337+P313
VAR-QB00113,P362+P364
VAR-QB00113,P501
IFF-QB00255,P210
IFF-QB00255,P280
IFF-QB00255,P301+P312+P330
IFF-QB00255,P302+P352
IFF-QB00255,P331
IFF-QB00256,P210
IFF-QB00256,P261
IFF-QB00256,P264
IFF-QB00256,P272
IFF-QB00256,P273
IFF-QB00256,P280
IFF-QB00256,P301+P310
IFF-QB00256,P302+P352
IFF-QB00256,P331
IFF-QB00256,P333+P313
IFF-QB00256,P362+P364
IFF-QB00256,P370+P378
IFF-QB00256,P391
IFF-QB00256,P403+P235
IFF-QB00256,P405
IFF-QB00256,P501
IFF-QB00100,P210
IFF-QB00100,P261
IFF-QB00100,P264
IFF-QB00100,P272
IFF-QB00100,P273
IFF-QB00100,P280
IFF-QB00100,P302+P352
IFF-QB00100,P333+P313
IFF-QB00100,P362+P364
IFF-QB00100,P370+P378
IFF-QB00100,P391
IFF-QB00100,P403+P235
IFF-QB00100,P501
VAR-QB00114,P305
VAR-QB00114,P351
VAR-QB00114,P338
VAR-QB00114,P280
VAR-QB00115,P273
VAR-QB00115,P280
VAR-QB00115,P303+P361+P353
VAR-QB00115,P305+P351+P338
VAR-QB00115,P333+P313
VAR-QB00115,P391
IFF-QB00101,P261
IFF-QB00101,P280
IFF-QB00101,P302+P352
IFF-QB00101,P308+P313
IFF-QB00101,P333+P313
IFF-QB00101,P362+P364
IFF-QB00154,P280
IFF-QB00154,P302+P352
IFF-QB00154,P305+P351
IFF-QB00210,P261
IFF-QB00210,P280
IFF-QB00210,P302+P352
IFF-QB00210,P308+P313
IFF-QB00210,P333+P313
IFF-QB00210,P501
IFF-QB00026,P210
IFF-QB00026,P261
IFF-QB00026,P280
IFF-QB00026,P301+P310
IFF-QB00026,P302+P352
IFF-QB00026,P305+P351+P338
IFF-QB00026,P313
IFF-QB00026,P331
IFF-QB00026,P333+P313
IFF-QB00026,P337+P313
IFF-QB00026,P370+P378
IFF-QB00027,P261
IFF-QB00027,P280
IFF-QB00027,P302+P352
IFF-QB00027,P308+P313
IFF-QB00027,P333+P313
IFF-QB00257,P201
IFF-QB00257,P202
IFF-QB00257,P210
IFF-QB00257,P261
IFF-QB00257,P264
IFF-QB00257,P272
IFF-QB00257,P280
IFF-QB00257,P302+P352
IFF-QB00257,P305+P351+P305+P351+P338
IFF-QB00257,P308+P313
IFF-QB00257,P331
IFF-QB00257,P333
IFF-QB00257,P337+P313
IFF-QB00257,P362+P364
IFF-QB00257,P370+P378
IFF-QB00257,P391
IFF-QB00257,P403+P235
IFF-QB00257,P405
IFF-QB00257,P501
VAR-QB00119,P264
VAR-QB00119,P270
VAR-QB00119,P273
VAR-QB00119,P280
VAR-QB00119,P301+P312
VAR-QB00119,P302+P352
VAR-QB00119,P305+P351+P338
VAR-QB00119,P301+P330+P331
VAR-QB00119,P332+P313
VAR-QB00119,P337+P313
VAR-QB00119,P362+P364
VAR-QB00119,P391
VAR-QB00119,P501
VAR-QB00122,P264
VAR-QB00122,P270
VAR-QB00122,P273
VAR-QB00122,P280
VAR-QB00122,P301+P312+P330
VAR-QB00122,P302+P352
VAR-QB00122,P312
VAR-QB00122,P321
VAR-QB00122,P305+P351+P338
VAR-QB00122,P310
VAR-QB00122,P330
VAR-QB00122,P332+P313
VAR-QB00122,P362+P364
VAR-QB00122,P391
VAR-QB00122,P401
ASH-QB00056,P264
ASH-QB00056,P280
ASH-QB00056,P305+P351+P338
IFF-QB00258,P201
IFF-QB00258,P202
IFF-QB00258,P272
IFF-QB00258,P273
IFF-QB00258,P280
IFF-QB00258,P302+P352
IFF-QB00258,P305+P351+P338
IFF-QB00258,P308+P313
IFF-QB00258,P333+P313
IFF-QB00258,P337+P313
IFF-QB00258,P362+P364
IFF-QB00258,P391
IFF-QB00258,P405
IFF-QB00258,P501
LUB-QB00047,P332+P313
LUB-QB00048,P261
LUB-QB00048,P272
LUB-QB00048,P273
LUB-QB00048,P280
LUB-QB00049,P273
LUB-QB00049,P501
LUB-QB00051,P332+P313
VAR-QB00125,P264
VAR-QB00125,P280
VAR-QB00125,P210
VAR-QB00125,P233
VAR-QB00125,P243
VAR-QB00125,P302+P352
VAR-QB00125,P305+P351+P338+P310
IFF-QB00102,P280
IFF-QB00102,P302+P352
ASH-QB00034,P101
ASH-QB00034,P102
ASH-QB00034,P103
ASH-QB00034,P261
ASH-QB00034,P264
ASH-QB00034,P272
ASH-QB00034,P280
ASH-QB00034,P302+P352
ASH-QB00034,P305+P351+P338
ASH-QB00034,P312
ASH-QB00034,P333+P313
ASH-QB00034,P362+P364
ASH-QB00034,P501
ASH-QB00053,P101
ASH-QB00053,P102
ASH-QB00053,P103
ASH-QB00053,P261
ASH-QB00053,P264
ASH-QB00053,P272
ASH-QB00053,P280
ASH-QB00053,P302+P352
ASH-QB00053,P305+P351+P338
ASH-QB00053,P312
ASH-QB00053,P333+P313
ASH-QB00053,P362+P364
ASH-QB00053,P501
IFF-QB00238,P219
IFF-QB00238,P261
IFF-QB00238,P264
IFF-QB00238,P272
IFF-QB00238,P273
IFF-QB00238,P280
IFF-QB00238,P302+P352
IFF-QB00238,P305+P351+P338
IFF-QB00238,P312
IFF-QB00238,P333+P313
IFF-QB00238,P362+P378
IFF-QB00238,P391
IFF-QB00238,P403+P235
IFF-QB00238,P501
IFF-QB00309,P210
IFF-QB00309,P280
IFF-QB00309,P301+P310
IFF-QB00309,P302+P352
IFF-QB00309,P305+P351+P338
IFF-QB00309,P331
IFF-QB00156,P210
IFF-QB00156,P280
IFF-QB00156,P302+P352
IFF-QB00156,P305+P351+P338
IFF-QB00103,P210
IFF-QB00103,P261
IFF-QB00103,P280
IFF-QB00103,P302+P352
IFF-QB00103,P333+P313
IFF-QB00103,P370+P378
IFF-QB00104,P210
IFF-QB00104,P261
IFF-QB00104,P280
IFF-QB00104,P302+P352
IFF-QB00104,P305+P351+P338
IFF-QB00104,P308+P313
IFF-QB00104,P333+P313
IFF-QB00104,P337+P313
IFF-QB00104,P370+P378
IFF-QB00211,P210
IFF-QB00211,P261
IFF-QB00211,P280
IFF-QB00211,P302+P352
IFF-QB00211,P308+P313
IFF-QB00211,P333+P313
IFF-QB00211,P370+P378
IFF-QB00260,P201
IFF-QB00260,P202
IFF-QB00260,P261
IFF-QB00260,P264
IFF-QB00260,P272
IFF-QB00260,P273
IFF-QB00260,P280
IFF-QB00260,P302
IFF-QB00260,P305+P351+P338
IFF-QB00260,P308+P3013
IFF-QB00260,P333+P303
IFF-QB00260,P337+P313
IFF-QB00260,P362+P364
IFF-QB00260,P391
IFF-QB00260,P405
IFF-QB00260,P501
IFF-QB00010,P308+313
IFF-QB00157,P210
IFF-QB00157,P280
IFF-QB00157,P301+P310
IFF-QB00157,P302+P352
IFF-QB00105,P210
IFF-QB00105,P261
IFF-QB00105,P280
IFF-QB00105,P302+P352
IFF-QB00105,P333+P313
IFF-QB00105,P370+P378
VAR-QB00191,P273
IFF-QB00231,P210
IFF-QB00231,P280
IFF-QB00231,P302+P352
IFF-QB00231,P261
IFF-QB00231,P305+P351+P338
IFF-QB00231,P308+P313
IFF-QB00231,P333+P313
IFF-QB00231,P337+P313
IFF-QB00231,P370+P378
IFF-QB00213,P261
IFF-QB00213,P280
IFF-QB00213,P302+P352
IFF-QB00213,P333+P313
IFF-QB00213,P362+P364
IFF-QB00213,P501
ASH-QB00037,P264
ASH-QB00037,P280
ASH-QB00037,P305+P351+P338
IFF-QB00058,P210
IFF-QB00058,P261
IFF-QB00058,P280
IFF-QB00058,P302+P352
IFF-QB00058,P308+P313
IFF-QB00058,P333+P313
IFF-QB00058,P370+P378
IFF-QB00059,P261
IFF-QB00059,P280
IFF-QB00059,P302+P352
IFF-QB00059,P305+P351+P338
IFF-QB00059,P308+P313
IFF-QB00059,P333+P313
IFF-QB00059,P337+P313
IFF-QB00060,P261
IFF-QB00060,P264
IFF-QB00060,P280
IFF-QB00060,P302+P352
IFF-QB00060,P308+P313
IFF-QB00060,P333+P313
IFF-QB00061,P210
IFF-QB00061,P261
IFF-QB00061,P280
IFF-QB00061,P302+P352
IFF-QB00061,P305+P351+P338
IFF-QB00061,P308+P313
IFF-QB00061,P333+P313
IFF-QB00061,P337+P313
IFF-QB00061,P370+P378
IFF-QB00158,P210
IFF-QB00158,P261
IFF-QB00158,P280
IFF-QB00158,P302+P352
IFF-QB00158,P308+P313
IFF-QB00158,P333+P313
IFF-QB00158,P370+P378
IFF-QB00261,P201
IFF-QB00261,P202
IFF-QB00261,P261
IFF-QB00261,P264
IFF-QB00261,P272
IFF-QB00261,P273
IFF-QB00261,P280
IFF-QB00261,P302
IFF-QB00261,P305+P351+P338
IFF-QB00261,P308+P3013
IFF-QB00261,P333+P303
IFF-QB00261,P337+P313
IFF-QB00261,P362+P364
IFF-QB00261,P391
IFF-QB00261,P405
IFF-QB00261,P501
IFF-QB00262,P210
IFF-QB00262,P280
IFF-QB00262,P302+P352
IFF-QB00262,P305+P351+P338
IFF-QB00263,P201
IFF-QB00263,P202
IFF-QB00263,P210
IFF-QB00263,P261
IFF-QB00263,P264
IFF-QB00263,P280
IFF-QB00263,P301+P310
IFF-QB00263,P302+P352
IFF-QB00263,P305+P351+P338
IFF-QB00263,P312
IFF-QB00263,P331
IFF-QB00263,P333+P313
IFF-QB00263,P337+P313
IFF-QB00263,P370+P378
IFF-QB00263,P391
IFF-QB00263,P403+P235
IFF-QB00263,P405
IFF-QB00263,P501
IFF-QB00160,P210
IFF-QB00160,P261
IFF-QB00160,P280
IFF-QB00160,P302+P352
IFF-QB00160,P308+P313
IFF-QB00160,P333+P313
IFF-QB00160,P370+P378
VAR-QB00133,P305+P351+P338
IFF-QB00264,P210
IFF-QB00264,P261
IFF-QB00264,P280
IFF-QB00264,P302+P352
IFF-QB00264,P305+P351+P338
IFF-QB00264,P308+P313
IFF-QB00264,P333+P313
IFF-QB00264,P337+P313
IFF-QB00264,P370+P378
IFF-QB00321,P261
IFF-QB00321,P280
IFF-QB00321,P302+P352
IFF-QB00321,P305+P351+P338
IFF-QB00321,P308+P313
IFF-QB00321,P333+P313
IFF-QB00321,P337+P313
IFF-QB00266,P280
IFF-QB00266,P302+P352
IFF-QB00266,P305+P351+P338
IFF-QB00029,P261
IFF-QB00029,P280
IFF-QB00029,P302+P352
IFF-QB00029,P305+P351+P338
IFF-QB00029,P308+P313
IFF-QB00029,P333+P313
IFF-QB00029,P337+P313
VAR-QB00134,P264
VAR-QB00134,P270
VAR-QB00134,P301
VAR-QB00134,P312
VAR-QB00134,P330
VAR-QB00134,P501
IFF-QB00106,P261
IFF-QB00106,P280
IFF-QB00106,P302+P352
IFF-QB00106,P305+P351+P338
IFF-QB00106,P308+P313
IFF-QB00106,P333+P313
IFF-QB00106,P337+P313
IFF-QB00268,P210
IFF-QB00268,P233
IFF-QB00268,P240
IFF-QB00268,P241
IFF-QB00268,P242
IFF-QB00268,P261
IFF-QB00268,P264
IFF-QB00268,P272
IFF-QB00268,P273
IFF-QB00268,P280
IFF-QB00268,P302+P352
IFF-QB00268,P303+P361+P353
IFF-QB00268,P305+P351+P338
IFF-QB00268,P337+P313
IFF-QB00268,P370+P378
IFF-QB00268,P403+P235
IFF-QB00268,P501
IFF-QB00030,P210
IFF-QB00030,P261
IFF-QB00030,P280
IFF-QB00030,P302+P352
IFF-QB00030,P305+P351+P338
IFF-QB00030,P308+P313
IFF-QB00030,P333+P313
IFF-QB00030,P337+P313
IFF-QB00030,P370+P378
IFF-QB00031,P210
IFF-QB00031,P261
IFF-QB00031,P280
IFF-QB00031,P302+P352
IFF-QB00031,P305+P351+P338
IFF-QB00031,P308+P313
IFF-QB00031,P333+P313
IFF-QB00031,P337+P313
IFF-QB00031,P370+P378
IFF-QB00032,P210
IFF-QB00032,P261
IFF-QB00032,P280
IFF-QB00032,P302+P352
IFF-QB00032,P305+P351+P338
IFF-QB00032,P308+P313
IFF-QB00032,P333+P313
IFF-QB00032,P370+P378
IFF-QB00163,P261
IFF-QB00163,P280
IFF-QB00163,P302+P352
IFF-QB00163,P305+P351+P338
IFF-QB00163,P308+P313
IFF-QB00163,P333+P313
IFF-QB00163,P337+P313
ASH-QB00075,P101
ASH-QB00075,P102
ASH-QB00075,P103
ASH-QB00075,P264
ASH-QB00075,P280
ASH-QB00075,P302+P352
ASH-QB00075,P305+P351+P338
ASH-QB00075,P312
ASH-QB00075,P333+P313
ASH-QB00075,P362+P364
ASH-QB00068,P264
ASH-QB00068,P280
ASH-QB00068,P305+P351+P338
ASH-QB00054,P101
ASH-QB00054,P102
ASH-QB00054,P103
ASH-QB00054,P261
ASH-QB00054,P271
ASH-QB00054,P280
ASH-QB00054,P304+P340+P312
ASH-QB00054,P305+P351+P338+P310
ASH-QB00054,P312
LUB-QB00064,P264
LUB-QB00064,P280
LUB-QB00064,P305+P351+P338
LUB-QB00064,P337+P313
LUB-QB00064,P302+P352
LUB-QB00064,P332+P313
LUB-QB00064,P321
LUB-QB00064,P362
IFF-QB00107,P210
IFF-QB00107,P280
IFF-QB00107,P302+P352
IFF-QB00107,P305+P351+P338
IFF-QB00033,P210
IFF-QB00033,P261
IFF-QB00033,P280
IFF-QB00033,P301+P310
IFF-QB00033,P302+P352
IFF-QB00033,P305+P351+P338
IFF-QB00033,P308+P313
IFF-QB00033,P331
IFF-QB00033,P333+P313
IFF-QB00033,P337+P313
IFF-QB00033,P370+P378
IFF-QB00164,P210
IFF-QB00164,P261
IFF-QB00164,P280
IFF-QB00164,P301+P310
IFF-QB00164,P302+P352
IFF-QB00164,P305+P351+P338
IFF-QB00164,P308+P313
IFF-QB00164,P331
IFF-QB00164,P333+P313
IFF-QB00164,P337+P313
IFF-QB00164,P370+P378
IFF-QB00269,P201
IFF-QB00269,P202
IFF-QB00269,P210
IFF-QB00269,P261
IFF-QB00269,P264
IFF-QB00269,P280
IFF-QB00269,P301+P310
IFF-QB00269,P302+P352
IFF-QB00269,P305+P351+P338
IFF-QB00269,P312
IFF-QB00269,P331
IFF-QB00269,P333+P313
IFF-QB00269,P337+P313
IFF-QB00269,P370+P378
IFF-QB00269,P391
IFF-QB00269,P403+P235
IFF-QB00269,P405
IFF-QB00269,P501
IFF-QB00214,P210
IFF-QB00214,P261
IFF-QB00214,P264
IFF-QB00214,P280
IFF-QB00214,P302+P352
IFF-QB00214,P305+P354+P338+P317
IFF-QB00214,P333+P317
IFF-QB00214,P370+P378
IFF-QB00214,P391
IFF-QB00165,P210
IFF-QB00165,P261
IFF-QB00165,P280
IFF-QB00165,P302+P352
IFF-QB00165,P308+P313
IFF-QB00165,P333+P313
IFF-QB00165,P370+P378
IFF-QB00166,P210
IFF-QB00166,P261
IFF-QB00166,P280
IFF-QB00166,P302+P352
IFF-QB00166,P305+P351+P338
IFF-QB00166,P308+P313
IFF-QB00166,P333+P313
IFF-QB00166,P337+P313
IFF-QB00166,P370+P378
IFF-QB00167,P210
IFF-QB00167,P261
IFF-QB00167,P280
IFF-QB00167,P302+P352
IFF-QB00167,P305+P351+P338
IFF-QB00167,P308+P313
IFF-QB00167,P333+P313
IFF-QB00167,P337+P313
IFF-QB00167,P370+P378
IFF-QB00168,P210
IFF-QB00168,P261
IFF-QB00168,P280
IFF-QB00168,P302+P352
IFF-QB00168,P305+P351+P338
IFF-QB00168,P308+P313
IFF-QB00168,P333+P313
IFF-QB00168,P337+P313
IFF-QB00168,P370+P378
IFF-QB00170,P210
IFF-QB00170,P261
IFF-QB00170,P280
IFF-QB00170,P302+P352
IFF-QB00170,P305+P351+P338
IFF-QB00170,P308+P313
IFF-QB00170,P333+P313
IFF-QB00170,P337+P313
IFF-QB00170,P370+P378
IFF-QB00171,P210
IFF-QB00171,P261
IFF-QB00171,P280
IFF-QB00171,P301+P310
IFF-QB00171,P302+P352
IFF-QB00171,P305+P351+P338
IFF-QB00171,P308+P313
IFF-QB00171,P331
IFF-QB00171,P333+P313
IFF-QB00171,P337+P313
IFF-QB00171,P370+P378
LUB-QB00066,P210
LUB-QB00066,P280
LUB-QB00066,P301+P310
LUB-QB00066,P331
LUB-QB00066,P370+P378
LUB-QB00066,P403
LUB-QB00066,P405
LUB-QB00066,P501
LUB-QB00068,P332+P313
IFF-QB00270,P280
IFF-QB00270,P302+P352
IFF-QB00062,P261
IFF-QB00062,P280
IFF-QB00062,P302+P352
IFF-QB00062,P305+P351+P338
IFF-QB00062,P308+P313
IFF-QB00062,P333+P313
IFF-QB00062,P337+P313
IFF-QB00190,P362+P364
IFF-QB00034,P210
IFF-QB00034,P260
IFF-QB00034,P280
IFF-QB00034,P302+P352
IFF-QB00034,P305+P351+P338
IFF-QB00034,P314
IFF-QB00071,P210
IFF-QB00071,P261
IFF-QB00071,P280
IFF-QB00071,P302+P352
IFF-QB00071,P305+P351+P338
IFF-QB00071,P308+P313
IFF-QB00071,P333+P313
IFF-QB00071,P337+P313
IFF-QB00071,P370+P378
IFF-QB00273,P210
IFF-QB00273,P261
IFF-QB00273,P264
IFF-QB00273,P273
IFF-QB00273,P280
IFF-QB00273,P301+P310
IFF-QB00273,P302+P352
IFF-QB00273,P305+P351+P338
IFF-QB00273,P331
IFF-QB00273,P333+P313
IFF-QB00273,P362+P364
IFF-QB00273,P370+P378
IFF-QB00273,P391
IFF-QB00273,P403+P235
IFF-QB00273,P405
IFF-QB00273,P501
IFF-QB00199,P261
IFF-QB00199,P308+P313
IFF-QB00199,P333+P313
IFF-QB00199,P337+P313
VAR-QB00166,P264
VAR-QB00166,P280
VAR-QB00166,P305+P351+P338
VAR-QB00166,P337+P313
IFF-QB00193,P210
IFF-QB00193,P261
IFF-QB00193,P280
IFF-QB00193,P302+P352
IFF-QB00193,P308+P313
IFF-QB00193,P333+P313
IFF-QB00193,P370+P378
IFF-QB00203,P280
IFF-QB00203,P302+P352
IFF-QB00203,P305+P351+P338
IFF-QB00204,P261
IFF-QB00204,P280
IFF-QB00204,P302+P352
IFF-QB00204,P305+P351+P310
IFF-QB00204,P308+P313
IFF-QB00204,P333+P313
IFF-QB00108,P261
IFF-QB00108,P280
IFF-QB00108,P302+P352
IFF-QB00108,P305+P351+P338
IFF-QB00108,P333+P313
IFF-QB00108,P337+P313
IFF-QB00109,P210
IFF-QB00109,P261
IFF-QB00109,P264
IFF-QB00109,P272
IFF-QB00109,P273
IFF-QB00109,P302+P352
IFF-QB00109,P305+P351+P338
IFF-QB00109,P333+P313
IFF-QB00109,P337+P313
IFF-QB00109,P370+P378
IFF-QB00109,P391
IFF-QB00109,P403+P235
IFF-QB00109,P501
IFF-QB00194,P210
IFF-QB00194,P280
IFF-QB00194,P302+P352
IFF-QB00194,P305+P351+P338
IFF-QB00275,P210
IFF-QB00275,P280
IFF-QB00275,P302+P352
IFF-QB00275,P305+P351+P338
IFF-QB00215,P210
IFF-QB00215,P261
IFF-QB00215,P280
IFF-QB00215,P301+P310
IFF-QB00215,P302+P352
IFF-QB00215,P305+P351+P338
IFF-QB00215,P308+P313
IFF-QB00215,P331
IFF-QB00215,P333+P313
IFF-QB00215,P337+P313
IFF-QB00215,P370+P378
IFF-QB00216,P210
IFF-QB00216,P261
IFF-QB00216,P280
IFF-QB00216,P302+P352
IFF-QB00216,P308+P313
IFF-QB00216,P333+P313
IFF-QB00216,P370+P378
IFF-QB00063,P210
IFF-QB00063,P260
IFF-QB00063,P280
IFF-QB00063,P302+P352
IFF-QB00063,P308+P313
IFF-QB00063,P333+P313
IFF-QB00063,P370+P378
IFF-QB00063,P391
IFF-QB00276,P201
IFF-QB00276,P202
IFF-QB00276,P210
IFF-QB00276,P261
IFF-QB00276,P264
IFF-QB00276,P272
IFF-QB00276,P273
IFF-QB00276,P302+P352
IFF-QB00276,P305+P351+P338
IFF-QB00276,P312
IFF-QB00276,P337+P313
IFF-QB00276,P362+P364
IFF-QB00276,P370+P378
IFF-QB00276,P391
IFF-QB00276,P403+P235
IFF-QB00276,P405
IFF-QB00276,P501
IFF-QB00064,P261
IFF-QB00064,P280
IFF-QB00064,P302+P352
IFF-QB00064,P305+P351+P338
IFF-QB00064,P308+P313
IFF-QB00064,P333+P313
IFF-QB00064,P337+P313
LUB-QB00069,P264
LUB-QB00069,P280
LUB-QB00069,P305+P351+P338
LUB-QB00069,P337+P313
LUB-QB00069,P302+P352
LUB-QB00069,P332+P313
LUB-QB00069,P321
LUB-QB00069,P362
IFF-QB00112,P280
IFF-QB00112,P302+P352
IFF-QB00070,P210
IFF-QB00070,P261
IFF-QB00070,P280
IFF-QB00070,P302+P352
IFF-QB00070,P305+P351+P338
IFF-QB00070,P308+P313
IFF-QB00070,P333+P313
IFF-QB00070,P337+P313
IFF-QB00070,P370+P378
ASH-QB00047,P264
ASH-QB00047,P280
ASH-QB00047,P301+P330+P331
ASH-QB00047,P303+P361+P353
ASH-QB00047,P304+P340+P310
ASH-QB00047,P305+P351+P338+P310
ASH-QB00047,P312
ASH-QB00047,P363
ASH-QB00047,P405
ASH-QB00047,P501
VAR-QB00138,P264
VAR-QB00138,P273
VAR-QB00138,P280
VAR-QB00138,P303+P361+P353
VAR-QB00138,P305+P351+P338
VAR-QB00138,P314
VAR-QB00138,P403+P233
ASH-QB00048,P101
ASH-QB00048,P202
ASH-QB00048,P261
ASH-QB00048,P264
ASH-QB00048,P270
ASH-QB00048,P271
ASH-QB00048,P272
ASH-QB00048,P280
ASH-QB00048,P301+P312+P330
ASH-QB00048,P302+P352
ASH-QB00048,P304+P340+P312
ASH-QB00048,P305+P351+P338
ASH-QB00048,P312
ASH-QB00048,P333+P313
ASH-QB00048,P362+P364
ASH-QB00048,P403+P233
ASH-QB00048,P405
ASH-QB00048,P501
IFF-QB00113,P261
IFF-QB00113,P280
IFF-QB00113,P302+P352
IFF-QB00113,P308+P313
IFF-QB00113,P333+P313
IFF-QB00113,P362+P364
IFF-QB00114,P261
IFF-QB00114,P280
IFF-QB00114,P302+P352
IFF-QB00114,P305+P351+P338
IFF-QB00114,P308+P313
IFF-QB00114,P333+P313
IFF-QB00114,P337+P313
IFF-QB00115,P210
IFF-QB00115,P233
IFF-QB00115,P240
IFF-QB00115,P241
IFF-QB00115,P242
IFF-QB00115,P243
IFF-QB00115,P261
IFF-QB00115,P264
IFF-QB00115,P280
IFF-QB00115,P301+P310
IFF-QB00115,P303+P361+P353
IFF-QB00115,P305+P351+P338
IFF-QB00115,P331
IFF-QB00115,P333+P313
IFF-QB00115,P337+P313
IFF-QB00115,P370+P378
IFF-QB00115,P391
IFF-QB00115,P403+P235
IFF-QB00115,P405
IFF-QB00115,P501
IFF-QB00281,P201
IFF-QB00281,P202
IFF-QB00281,P210
IFF-QB00281,P261
IFF-QB00281,P264
IFF-QB00281,P272
IFF-QB00281,P273
IFF-QB00281,P280
IFF-QB00281,P302+P352
IFF-QB00281,P305+P351+P338
IFF-QB00281,P312
IFF-QB00281,P333+P313
IFF-QB00281,P362+P364
IFF-QB00281,P370+P378
IFF-QB00281,P391
IFF-QB00281,P403+P235
IFF-QB00281,P405
IFF-QB00281,P501
IFF-QB00116,P210
IFF-QB00116,P261
IFF-QB00116,P280
IFF-QB00116,P302+P352
IFF-QB00116,P305+P531+P338
IFF-QB00116,P308+P313
IFF-QB00116,P333+P313
IFF-QB00116,P337+P313
IFF-QB00116,P370+P378
VAR-QB00140,P260
VAR-QB00140,P264
VAR-QB00140,P280
VAR-QB00140,P305+P351+P338
VAR-QB00140,P321
VAR-QB00140,P501
VAR-QB00141,P210
VAR-QB00141,P233
VAR-QB00141,P240
VAR-QB00141,P241
VAR-QB00141,P242
VAR-QB00141,P243
VAR-QB00141,P280
VAR-QB00141,P303+P361+P353
VAR-QB00141,P332+P313
VAR-QB00141,P362
VAR-QB00141,P370+P378
VAR-QB00141,P403+P235
VAR-QB00141,P501
KAO-QB00070,P280
KAO-QB00070,P210
KAO-QB00070,P241
KAO-QB00070,P242
KAO-QB00070,P243
KAO-QB00070,P233
KAO-QB00070,P273
KAO-QB00070,P303+P361+P353
KAO-QB00070,P403+P235
KAO-QB00070,P501
KAO-QB00072,P280
KAO-QB00072,P210
KAO-QB00072,P241
KAO-QB00072,P242
KAO-QB00072,P243
KAO-QB00072,P233
KAO-QB00072,P273
KAO-QB00072,P303+P361+P353
KAO-QB00072,P403+P235
KAO-QB00072,P501
KAO-QB00075,P280
KAO-QB00075,P273
KAO-QB00075,P270
KAO-QB00075,P264
KAO-QB00075,P391
KAO-QB00075,P304+P310
KAO-QB00075,P301+P310
KAO-QB00075,P303+P361+P353
KAO-QB00075,P310
KAO-QB00075,P405
KAO-QB00075,P501
KAO-QB00076,P280
KAO-QB00076,P210
KAO-QB00076,P241
KAO-QB00076,P242
KAO-QB00076,P243
KAO-QB00076,P233
KAO-QB00076,P270
KAO-QB00076,P264
KAO-QB00076,P304+P340
KAO-QB00076,P310
KAO-QB00076,P301+P310
KAO-QB00076,P330
KAO-QB00076,P331
KAO-QB00076,P303+P361+P353
KAO-QB00076,P363
KAO-QB00076,P302+P312
KAO-QB00076,P352
KAO-QB00076,P305+P351+P338
KAO-QB00076,P405
KAO-QB00076,P403+P235
KAO-QB00076,P501
KAO-QB00078,P280
KAO-QB00078,P210
KAO-QB00078,P270
KAO-QB00078,P264
KAO-QB00078,P304+P340
KAO-QB00078,P310
KAO-QB00078,P301+P310
KAO-QB00078,P330
KAO-QB00078,P331
KAO-QB00078,P303+P361+P353
KAO-QB00078,P363
KAO-QB00078,P305+P351+P338
KAO-QB00078,P405
KAO-QB00078,P501
IFF-QB00195,P280
IFF-QB00195,P302+P352
IFF-QB00195,P305+P351+P338
VAR-QB00144,P273
VAR-QB00144,P305+P351+P338
VAR-QB00144,P501
IFF-QB00282,P210
IFF-QB00282,P240
IFF-QB00282,P241
IFF-QB00282,P242
IFF-QB00282,P243
IFF-QB00282,P261
IFF-QB00282,P264
IFF-QB00282,P280
IFF-QB00282,P301+P310
IFF-QB00282,P303+P361+P353
IFF-QB00282,P305+P351+P338
IFF-QB00282,P331
IFF-QB00282,P333+P313
IFF-QB00282,P337+P313
IFF-QB00282,P362+P364
IFF-QB00282,P370+P378
IFF-QB00282,P391
IFF-QB00282,P403+P235
IFF-QB00282,P405
IFF-QB00282,P501
IFF-QB00117,P261
IFF-QB00117,P280
IFF-QB00117,P302+P352
IFF-QB00117,P308+P313
IFF-QB00117,P333+P313
IFF-QB00117,P362+P364
IFF-QB00066,P210
IFF-QB00066,P261
IFF-QB00066,P280
IFF-QB00066,P302+P352
IFF-QB00066,P308+P313
IFF-QB00066,P333+P313
IFF-QB00066,P370+P378
IFF-QB00118,P210
IFF-QB00118,P261
IFF-QB00118,P280
IFF-QB00118,P301+P310
IFF-QB00118,P302+P352
IFF-QB00118,P305+P351+P338
IFF-QB00118,P308+P313
IFF-QB00118,P331
IFF-QB00118,P333+P313
IFF-QB00118,P337+P313
IFF-QB00118,P370+P378
IFF-QB00283,P280
IFF-QB00283,P301+P310
IFF-QB00283,P302+P352
IFF-QB00067,P261
IFF-QB00067,P280
IFF-QB00067,P302+P352
IFF-QB00067,P305+P351+P338+P310
IFF-QB00067,P308+P313
IFF-QB00067,P333+P313
IFF-QB00067,P337+P313
IFF-QB00284,P210
IFF-QB00284,P261
IFF-QB00284,P264
IFF-QB00284,P272
IFF-QB00284,P273
IFF-QB00284,P280
IFF-QB00284,P302+P352
IFF-QB00284,P305+P351+P338
IFF-QB00284,P331
IFF-QB00284,P333+P313
IFF-QB00284,P337+P313
IFF-QB00284,P370+P378
IFF-QB00284,P391
IFF-QB00284,P403+P235
IFF-QB00284,P405
IFF-QB00284,P501
IFF-QB00286,P201
IFF-QB00286,P202
IFF-QB00286,P210
IFF-QB00286,P261
IFF-QB00286,P264
IFF-QB00286,P272
IFF-QB00286,P273
IFF-QB00286,P302+P352
IFF-QB00286,P305+P351+P338
IFF-QB00286,P312
IFF-QB00286,P337+P313
IFF-QB00286,P362+P364
IFF-QB00286,P370+P378
IFF-QB00286,P391
IFF-QB00286,P403+P235
IFF-QB00286,P405
IFF-QB00286,P501
IFF-QB00068,P210
IFF-QB00068,P261
IFF-QB00068,P280
IFF-QB00068,P302+P352
IFF-QB00068,P305+P351+P338
IFF-QB00068,P308+P313
IFF-QB00068,P333+P313
IFF-QB00068,P337+P313
IFF-QB00068,P370+P378
IFF-QB00120,P210
IFF-QB00120,P261
IFF-QB00120,P280
IFF-QB00120,P302+P352
IFF-QB00120,P305+P351+P338
IFF-QB00120,P308+P313
IFF-QB00120,P333+P313
IFF-QB00120,P337+P313
IFF-QB00120,P370+P378
IFF-QB00196,P210
IFF-QB00196,P261
IFF-QB00196,P280
IFF-QB00196,P302+P352
IFF-QB00196,P305+P351+P338
IFF-QB00196,P308+P313
IFF-QB00196,P333+P313
IFF-QB00196,P337+P313
IFF-QB00196,P370+P378
IFF-QB00287,P201
IFF-QB00287,P202
IFF-QB00287,P210
IFF-QB00287,P261
IFF-QB00287,P264
IFF-QB00287,P272
IFF-QB00287,P273
IFF-QB00287,P302+P352
IFF-QB00287,P305+P351+P338
IFF-QB00287,P312
IFF-QB00287,P337+P313
IFF-QB00287,P362+P364
IFF-QB00287,P370+P378
IFF-QB00287,P391
IFF-QB00287,P403+P235
IFF-QB00287,P405
IFF-QB00287,P501
ASH-QB00050,P312
VAR-QB00149,P264
VAR-QB00149,P280
VAR-QB00149,P301+P310+P331
VAR-QB00149,P321
VAR-QB00149,P337+P313
VAR-QB00149,P391
IFF-QB00288,P280
IFF-QB00288,P301+P310
IFF-QB00288,P302+P352
IFF-QB00172,P210
IFF-QB00172,P280
IFF-QB00172,P302+P352
IFF-QB00121,P210
IFF-QB00121,P280
IFF-QB00121,P302+P352
IFF-QB00291,P261
IFF-QB00291,P280
IFF-QB00291,P302+P352
IFF-QB00291,P305+P351+P338
IFF-QB00291,P333+P313
IFF-QB00291,P337+P313
IFF-QB00069,P280
IFF-QB00069,P302+P352
IFF-QB00069,P305+P351+P338
IFF-QB00035,P261
IFF-QB00035,P280
IFF-QB00035,P302+P352
IFF-QB00035,P308+P313
IFF-QB00035,P333+P313
IFF-QB00035,P362+P364
ASH-QB00052,P312
